STUDYID,DOMAIN,USUBJID,PUID,COHORT,SUBJID,POOLID,PRSEQ,FOCID,PRGRPID,PRSPID,PRLNKID,PRLNKGRP,PRTRT,PRDECOD,PRCAT,PRSCAT,PRPRESP,PROCCUR,PRINDC,PRDOSE,PRDOSTXT,PRDOSU,PRDOSFRM,PRDOSFRQ,PRDOSRGM,PRROUTE,PRLOC,PRLAT,PRDIR,PRPORTOT,VISITNUM,VISITDY,TAETORD,EPOCH,PRSTDTC,PRENDTC,PRSTDY,PRENDY,PRDUR,PRTPT,PRTPTNUM,PRELTM,PRTPTREF,PRRFTDTC,PRSTRTPT,PRSTTPT,PRENRTPT,PRENTPT
Xeno Nimo Hypox;FaDu,PR,N150a001,N150,a,1,,8.0,,,,,,XRAY;PHOTON,TOTAL BODY IRRADIATION,TBI; Whole Body Irradiation,,Y,Y,,4.0,,Gy,,ONCE,,,BODY,BILATERAL,,ENTIRE,,,,,2011-12-02,2011-12-02,-4,-4,1,,,,,,,,,
Xeno Nimo Hypox;FaDu,PR,N150a001,N150,a,1,,8.0001,,,,,,XRAY;PHOTON,PHOTON BEAM RADIATION THERAPY,RADIATION THERAPY,,Y,Y,,1.8,,Gy,,5 TIMES PER WEEK,,,LEG,RIGHT,HIND,ENTIRE,,,,,2011-12-26,2011-12-26,20,20,1,,,,,,,,,
Xeno Nimo Hypox;FaDu,PR,N150a001,N150,a,1,,8.0002,,,,,,XRAY;PHOTON,PHOTON BEAM RADIATION THERAPY,RADIATION THERAPY,,Y,Y,,1.8,,Gy,,5 TIMES PER WEEK,,,LEG,RIGHT,HIND,ENTIRE,,,,,2011-12-27,2011-12-27,21,21,1,,,,,,,,,
Xeno Nimo Hypox;FaDu,PR,N150a001,N150,a,1,,8.0003,,,,,,XRAY;PHOTON,PHOTON BEAM RADIATION THERAPY,RADIATION THERAPY,,Y,Y,,1.8,,Gy,,5 TIMES PER WEEK,,,LEG,RIGHT,HIND,ENTIRE,,,,,2011-12-28,2011-12-28,22,22,1,,,,,,,,,
Xeno Nimo Hypox;FaDu,PR,N150a001,N150,a,1,,8.0004,,,,,,XRAY;PHOTON,PHOTON BEAM RADIATION THERAPY,RADIATION THERAPY,,Y,Y,,1.8,,Gy,,5 TIMES PER WEEK,,,LEG,RIGHT,HIND,ENTIRE,,,,,2011-12-29,2011-12-29,23,23,1,,,,,,,,,
Xeno Nimo Hypox;FaDu,PR,N150a001,N150,a,1,,8.0005,,,,,,XRAY;PHOTON,PHOTON BEAM RADIATION THERAPY,RADIATION THERAPY,,Y,Y,,1.8,,Gy,,5 TIMES PER WEEK,,,LEG,RIGHT,HIND,ENTIRE,,,,,2011-12-30,2011-12-30,24,24,1,,,,,,,,,
Xeno Nimo Hypox;FaDu,PR,N150a001,N150,a,1,,8.0006,,,,,,XRAY;PHOTON,PHOTON BEAM RADIATION THERAPY,RADIATION THERAPY,,Y,Y,,1.8,,Gy,,5 TIMES PER WEEK,,,LEG,RIGHT,HIND,ENTIRE,,,,,2012-01-02,2012-01-02,27,27,1,,,,,,,,,
Xeno Nimo Hypox;FaDu,PR,N150a001,N150,a,1,,8.0007,,,,,,XRAY;PHOTON,PHOTON BEAM RADIATION THERAPY,RADIATION THERAPY,,Y,Y,,1.8,,Gy,,5 TIMES PER WEEK,,,LEG,RIGHT,HIND,ENTIRE,,,,,2012-01-03,2012-01-03,28,28,1,,,,,,,,,
Xeno Nimo Hypox;FaDu,PR,N150a001,N150,a,1,,8.0008,,,,,,XRAY;PHOTON,PHOTON BEAM RADIATION THERAPY,RADIATION THERAPY,,Y,Y,,1.8,,Gy,,5 TIMES PER WEEK,,,LEG,RIGHT,HIND,ENTIRE,,,,,2012-01-04,2012-01-04,29,29,1,,,,,,,,,
Xeno Nimo Hypox;FaDu,PR,N150a001,N150,a,1,,8.0009,,,,,,XRAY;PHOTON,PHOTON BEAM RADIATION THERAPY,RADIATION THERAPY,,Y,Y,,1.8,,Gy,,5 TIMES PER WEEK,,,LEG,RIGHT,HIND,ENTIRE,,,,,2012-01-05,2012-01-05,30,30,1,,,,,,,,,
Xeno Nimo Hypox;FaDu,PR,N150a001,N150,a,1,,8.001,,,,,,XRAY;PHOTON,PHOTON BEAM RADIATION THERAPY,RADIATION THERAPY,,Y,Y,,1.8,,Gy,,5 TIMES PER WEEK,,,LEG,RIGHT,HIND,ENTIRE,,,,,2012-01-06,2012-01-06,31,31,1,,,,,,,,,
Xeno Nimo Hypox;FaDu,PR,N150a001,N150,a,1,,8.0011,,,,,,XRAY;PHOTON,PHOTON BEAM RADIATION THERAPY,RADIATION THERAPY,,Y,Y,,1.8,,Gy,,5 TIMES PER WEEK,,,LEG,RIGHT,HIND,ENTIRE,,,,,2012-01-09,2012-01-09,34,34,1,,,,,,,,,
Xeno Nimo Hypox;FaDu,PR,N150a001,N150,a,1,,8.0012,,,,,,XRAY;PHOTON,PHOTON BEAM RADIATION THERAPY,RADIATION THERAPY,,Y,Y,,1.8,,Gy,,5 TIMES PER WEEK,,,LEG,RIGHT,HIND,ENTIRE,,,,,2012-01-10,2012-01-10,35,35,1,,,,,,,,,
Xeno Nimo Hypox;FaDu,PR,N150a001,N150,a,1,,8.0013,,,,,,XRAY;PHOTON,PHOTON BEAM RADIATION THERAPY,RADIATION THERAPY,,Y,Y,,1.8,,Gy,,5 TIMES PER WEEK,,,LEG,RIGHT,HIND,ENTIRE,,,,,2012-01-11,2012-01-11,36,36,1,,,,,,,,,
Xeno Nimo Hypox;FaDu,PR,N150a001,N150,a,1,,8.0014,,,,,,XRAY;PHOTON,PHOTON BEAM RADIATION THERAPY,RADIATION THERAPY,,Y,Y,,1.8,,Gy,,5 TIMES PER WEEK,,,LEG,RIGHT,HIND,ENTIRE,,,,,2012-01-12,2012-01-12,37,37,1,,,,,,,,,
Xeno Nimo Hypox;FaDu,PR,N150a001,N150,a,1,,8.0015,,,,,,XRAY;PHOTON,PHOTON BEAM RADIATION THERAPY,RADIATION THERAPY,,Y,Y,,1.8,,Gy,,5 TIMES PER WEEK,,,LEG,RIGHT,HIND,ENTIRE,,,,,2012-01-13,2012-01-13,38,38,1,,,,,,,,,
Xeno Nimo Hypox;FaDu,PR,N150a001,N150,a,1,,8.0016,,,,,,XRAY;PHOTON,PHOTON BEAM RADIATION THERAPY,RADIATION THERAPY,,Y,Y,,1.8,,Gy,,5 TIMES PER WEEK,,,LEG,RIGHT,HIND,ENTIRE,,,,,2012-01-16,2012-01-16,41,41,1,,,,,,,,,
Xeno Nimo Hypox;FaDu,PR,N150a001,N150,a,1,,8.0017,,,,,,XRAY;PHOTON,PHOTON BEAM RADIATION THERAPY,RADIATION THERAPY,,Y,Y,,1.8,,Gy,,5 TIMES PER WEEK,,,LEG,RIGHT,HIND,ENTIRE,,,,,2012-01-17,2012-01-17,42,42,1,,,,,,,,,
Xeno Nimo Hypox;FaDu,PR,N150a001,N150,a,1,,8.0018,,,,,,XRAY;PHOTON,PHOTON BEAM RADIATION THERAPY,RADIATION THERAPY,,Y,Y,,1.8,,Gy,,5 TIMES PER WEEK,,,LEG,RIGHT,HIND,ENTIRE,,,,,2012-01-18,2012-01-18,43,43,1,,,,,,,,,
Xeno Nimo Hypox;FaDu,PR,N150a001,N150,a,1,,8.0019,,,,,,XRAY;PHOTON,PHOTON BEAM RADIATION THERAPY,RADIATION THERAPY,,Y,Y,,1.8,,Gy,,5 TIMES PER WEEK,,,LEG,RIGHT,HIND,ENTIRE,,,,,2012-01-19,2012-01-19,44,44,1,,,,,,,,,
Xeno Nimo Hypox;FaDu,PR,N150a001,N150,a,1,,8.002,,,,,,XRAY;PHOTON,PHOTON BEAM RADIATION THERAPY,RADIATION THERAPY,,Y,Y,,1.8,,Gy,,5 TIMES PER WEEK,,,LEG,RIGHT,HIND,ENTIRE,,,,,2012-01-20,2012-01-20,45,45,1,,,,,,,,,
Xeno Nimo Hypox;FaDu,PR,N150a001,N150,a,1,,8.0021,,,,,,XRAY;PHOTON,PHOTON BEAM RADIATION THERAPY,RADIATION THERAPY,,Y,Y,,1.8,,Gy,,5 TIMES PER WEEK,,,LEG,RIGHT,HIND,ENTIRE,,,,,2012-01-23,2012-01-23,48,48,1,,,,,,,,,
Xeno Nimo Hypox;FaDu,PR,N150a001,N150,a,1,,8.0022,,,,,,XRAY;PHOTON,PHOTON BEAM RADIATION THERAPY,RADIATION THERAPY,,Y,Y,,1.8,,Gy,,5 TIMES PER WEEK,,,LEG,RIGHT,HIND,ENTIRE,,,,,2012-01-24,2012-01-24,49,49,1,,,,,,,,,
Xeno Nimo Hypox;FaDu,PR,N150a001,N150,a,1,,8.0023,,,,,,XRAY;PHOTON,PHOTON BEAM RADIATION THERAPY,RADIATION THERAPY,,Y,Y,,1.8,,Gy,,5 TIMES PER WEEK,,,LEG,RIGHT,HIND,ENTIRE,,,,,2012-01-25,2012-01-25,50,50,1,,,,,,,,,
Xeno Nimo Hypox;FaDu,PR,N150a001,N150,a,1,,8.0024,,,,,,XRAY;PHOTON,PHOTON BEAM RADIATION THERAPY,RADIATION THERAPY,,Y,Y,,1.8,,Gy,,5 TIMES PER WEEK,,,LEG,RIGHT,HIND,ENTIRE,,,,,2012-01-26,2012-01-26,51,51,1,,,,,,,,,
Xeno Nimo Hypox;FaDu,PR,N150a001,N150,a,1,,8.0025,,,,,,XRAY;PHOTON,PHOTON BEAM RADIATION THERAPY,RADIATION THERAPY,,Y,Y,,1.8,,Gy,,5 TIMES PER WEEK,,,LEG,RIGHT,HIND,ENTIRE,,,,,2012-01-27,2012-01-27,52,52,1,,,,,,,,,
Xeno Nimo Hypox;FaDu,PR,N150a001,N150,a,1,,8.0026,,,,,,XRAY;PHOTON,PHOTON BEAM RADIATION THERAPY,RADIATION THERAPY,,Y,Y,,1.8,,Gy,,5 TIMES PER WEEK,,,LEG,RIGHT,HIND,ENTIRE,,,,,2012-01-30,2012-01-30,55,55,1,,,,,,,,,
Xeno Nimo Hypox;FaDu,PR,N150a001,N150,a,1,,8.0027,,,,,,XRAY;PHOTON,PHOTON BEAM RADIATION THERAPY,RADIATION THERAPY,,Y,Y,,1.8,,Gy,,5 TIMES PER WEEK,,,LEG,RIGHT,HIND,ENTIRE,,,,,2012-01-31,2012-01-31,56,56,1,,,,,,,,,
Xeno Nimo Hypox;FaDu,PR,N150a001,N150,a,1,,8.0028,,,,,,XRAY;PHOTON,PHOTON BEAM RADIATION THERAPY,RADIATION THERAPY,,Y,Y,,1.8,,Gy,,5 TIMES PER WEEK,,,LEG,RIGHT,HIND,ENTIRE,,,,,2012-02-01,2012-02-01,57,57,1,,,,,,,,,
Xeno Nimo Hypox;FaDu,PR,N150a001,N150,a,1,,8.0029,,,,,,XRAY;PHOTON,PHOTON BEAM RADIATION THERAPY,RADIATION THERAPY,,Y,Y,,1.8,,Gy,,5 TIMES PER WEEK,,,LEG,RIGHT,HIND,ENTIRE,,,,,2012-02-02,2012-02-02,58,58,1,,,,,,,,,
Xeno Nimo Hypox;FaDu,PR,N150a001,N150,a,1,,8.003,,,,,,XRAY;PHOTON,PHOTON BEAM RADIATION THERAPY,RADIATION THERAPY,,Y,Y,,1.8,,Gy,,5 TIMES PER WEEK,,,LEG,RIGHT,HIND,ENTIRE,,,,,2012-02-03,2012-02-03,59,59,1,,,,,,,,,
Xeno Nimo Hypox;FaDu,PR,N150a002,N150,a,2,,8.0,,,,,,XRAY;PHOTON,TOTAL BODY IRRADIATION,TBI; Whole Body Irradiation,,Y,Y,,4.0,,Gy,,ONCE,,,BODY,BILATERAL,,ENTIRE,,,,,2011-12-02,2011-12-02,-4,-4,1,,,,,,,,,
Xeno Nimo Hypox;FaDu,PR,N150a002,N150,a,2,,8.0001,,,,,,XRAY;PHOTON,PHOTON BEAM RADIATION THERAPY,RADIATION THERAPY,,Y,Y,,1.8,,Gy,,5 TIMES PER WEEK,,,LEG,RIGHT,HIND,ENTIRE,,,,,2011-12-22,2011-12-22,16,16,1,,,,,,,,,
Xeno Nimo Hypox;FaDu,PR,N150a002,N150,a,2,,8.0002,,,,,,XRAY;PHOTON,PHOTON BEAM RADIATION THERAPY,RADIATION THERAPY,,Y,Y,,1.8,,Gy,,5 TIMES PER WEEK,,,LEG,RIGHT,HIND,ENTIRE,,,,,2011-12-23,2011-12-23,17,17,1,,,,,,,,,
Xeno Nimo Hypox;FaDu,PR,N150a002,N150,a,2,,8.0003,,,,,,XRAY;PHOTON,PHOTON BEAM RADIATION THERAPY,RADIATION THERAPY,,Y,Y,,1.8,,Gy,,5 TIMES PER WEEK,,,LEG,RIGHT,HIND,ENTIRE,,,,,2011-12-26,2011-12-26,20,20,1,,,,,,,,,
Xeno Nimo Hypox;FaDu,PR,N150a002,N150,a,2,,8.0004,,,,,,XRAY;PHOTON,PHOTON BEAM RADIATION THERAPY,RADIATION THERAPY,,Y,Y,,1.8,,Gy,,5 TIMES PER WEEK,,,LEG,RIGHT,HIND,ENTIRE,,,,,2011-12-27,2011-12-27,21,21,1,,,,,,,,,
Xeno Nimo Hypox;FaDu,PR,N150a002,N150,a,2,,8.0005,,,,,,XRAY;PHOTON,PHOTON BEAM RADIATION THERAPY,RADIATION THERAPY,,Y,Y,,1.8,,Gy,,5 TIMES PER WEEK,,,LEG,RIGHT,HIND,ENTIRE,,,,,2011-12-28,2011-12-28,22,22,1,,,,,,,,,
Xeno Nimo Hypox;FaDu,PR,N150a002,N150,a,2,,8.0006,,,,,,XRAY;PHOTON,PHOTON BEAM RADIATION THERAPY,RADIATION THERAPY,,Y,Y,,1.8,,Gy,,5 TIMES PER WEEK,,,LEG,RIGHT,HIND,ENTIRE,,,,,2011-12-29,2011-12-29,23,23,1,,,,,,,,,
Xeno Nimo Hypox;FaDu,PR,N150a002,N150,a,2,,8.0007,,,,,,XRAY;PHOTON,PHOTON BEAM RADIATION THERAPY,RADIATION THERAPY,,Y,Y,,1.8,,Gy,,5 TIMES PER WEEK,,,LEG,RIGHT,HIND,ENTIRE,,,,,2011-12-30,2011-12-30,24,24,1,,,,,,,,,
Xeno Nimo Hypox;FaDu,PR,N150a002,N150,a,2,,8.0008,,,,,,XRAY;PHOTON,PHOTON BEAM RADIATION THERAPY,RADIATION THERAPY,,Y,Y,,1.8,,Gy,,5 TIMES PER WEEK,,,LEG,RIGHT,HIND,ENTIRE,,,,,2012-01-02,2012-01-02,27,27,1,,,,,,,,,
Xeno Nimo Hypox;FaDu,PR,N150a002,N150,a,2,,8.0009,,,,,,XRAY;PHOTON,PHOTON BEAM RADIATION THERAPY,RADIATION THERAPY,,Y,Y,,1.8,,Gy,,5 TIMES PER WEEK,,,LEG,RIGHT,HIND,ENTIRE,,,,,2012-01-03,2012-01-03,28,28,1,,,,,,,,,
Xeno Nimo Hypox;FaDu,PR,N150a002,N150,a,2,,8.001,,,,,,XRAY;PHOTON,PHOTON BEAM RADIATION THERAPY,RADIATION THERAPY,,Y,Y,,1.8,,Gy,,5 TIMES PER WEEK,,,LEG,RIGHT,HIND,ENTIRE,,,,,2012-01-04,2012-01-04,29,29,1,,,,,,,,,
Xeno Nimo Hypox;FaDu,PR,N150a002,N150,a,2,,8.0011,,,,,,XRAY;PHOTON,PHOTON BEAM RADIATION THERAPY,RADIATION THERAPY,,Y,Y,,1.8,,Gy,,5 TIMES PER WEEK,,,LEG,RIGHT,HIND,ENTIRE,,,,,2012-01-05,2012-01-05,30,30,1,,,,,,,,,
Xeno Nimo Hypox;FaDu,PR,N150a002,N150,a,2,,8.0012,,,,,,XRAY;PHOTON,PHOTON BEAM RADIATION THERAPY,RADIATION THERAPY,,Y,Y,,1.8,,Gy,,5 TIMES PER WEEK,,,LEG,RIGHT,HIND,ENTIRE,,,,,2012-01-06,2012-01-06,31,31,1,,,,,,,,,
Xeno Nimo Hypox;FaDu,PR,N150a002,N150,a,2,,8.0013,,,,,,XRAY;PHOTON,PHOTON BEAM RADIATION THERAPY,RADIATION THERAPY,,Y,Y,,1.8,,Gy,,5 TIMES PER WEEK,,,LEG,RIGHT,HIND,ENTIRE,,,,,2012-01-09,2012-01-09,34,34,1,,,,,,,,,
Xeno Nimo Hypox;FaDu,PR,N150a002,N150,a,2,,8.0014,,,,,,XRAY;PHOTON,PHOTON BEAM RADIATION THERAPY,RADIATION THERAPY,,Y,Y,,1.8,,Gy,,5 TIMES PER WEEK,,,LEG,RIGHT,HIND,ENTIRE,,,,,2012-01-10,2012-01-10,35,35,1,,,,,,,,,
Xeno Nimo Hypox;FaDu,PR,N150a002,N150,a,2,,8.0015,,,,,,XRAY;PHOTON,PHOTON BEAM RADIATION THERAPY,RADIATION THERAPY,,Y,Y,,1.8,,Gy,,5 TIMES PER WEEK,,,LEG,RIGHT,HIND,ENTIRE,,,,,2012-01-11,2012-01-11,36,36,1,,,,,,,,,
Xeno Nimo Hypox;FaDu,PR,N150a002,N150,a,2,,8.0016,,,,,,XRAY;PHOTON,PHOTON BEAM RADIATION THERAPY,RADIATION THERAPY,,Y,Y,,1.8,,Gy,,5 TIMES PER WEEK,,,LEG,RIGHT,HIND,ENTIRE,,,,,2012-01-12,2012-01-12,37,37,1,,,,,,,,,
Xeno Nimo Hypox;FaDu,PR,N150a002,N150,a,2,,8.0017,,,,,,XRAY;PHOTON,PHOTON BEAM RADIATION THERAPY,RADIATION THERAPY,,Y,Y,,1.8,,Gy,,5 TIMES PER WEEK,,,LEG,RIGHT,HIND,ENTIRE,,,,,2012-01-13,2012-01-13,38,38,1,,,,,,,,,
Xeno Nimo Hypox;FaDu,PR,N150a002,N150,a,2,,8.0018,,,,,,XRAY;PHOTON,PHOTON BEAM RADIATION THERAPY,RADIATION THERAPY,,Y,Y,,1.8,,Gy,,5 TIMES PER WEEK,,,LEG,RIGHT,HIND,ENTIRE,,,,,2012-01-16,2012-01-16,41,41,1,,,,,,,,,
Xeno Nimo Hypox;FaDu,PR,N150a002,N150,a,2,,8.0019,,,,,,XRAY;PHOTON,PHOTON BEAM RADIATION THERAPY,RADIATION THERAPY,,Y,Y,,1.8,,Gy,,5 TIMES PER WEEK,,,LEG,RIGHT,HIND,ENTIRE,,,,,2012-01-17,2012-01-17,42,42,1,,,,,,,,,
Xeno Nimo Hypox;FaDu,PR,N150a002,N150,a,2,,8.002,,,,,,XRAY;PHOTON,PHOTON BEAM RADIATION THERAPY,RADIATION THERAPY,,Y,Y,,1.8,,Gy,,5 TIMES PER WEEK,,,LEG,RIGHT,HIND,ENTIRE,,,,,2012-01-18,2012-01-18,43,43,1,,,,,,,,,
Xeno Nimo Hypox;FaDu,PR,N150a002,N150,a,2,,8.0021,,,,,,XRAY;PHOTON,PHOTON BEAM RADIATION THERAPY,RADIATION THERAPY,,Y,Y,,1.8,,Gy,,5 TIMES PER WEEK,,,LEG,RIGHT,HIND,ENTIRE,,,,,2012-01-19,2012-01-19,44,44,1,,,,,,,,,
Xeno Nimo Hypox;FaDu,PR,N150a002,N150,a,2,,8.0022,,,,,,XRAY;PHOTON,PHOTON BEAM RADIATION THERAPY,RADIATION THERAPY,,Y,Y,,1.8,,Gy,,5 TIMES PER WEEK,,,LEG,RIGHT,HIND,ENTIRE,,,,,2012-01-20,2012-01-20,45,45,1,,,,,,,,,
Xeno Nimo Hypox;FaDu,PR,N150a002,N150,a,2,,8.0023,,,,,,XRAY;PHOTON,PHOTON BEAM RADIATION THERAPY,RADIATION THERAPY,,Y,Y,,1.8,,Gy,,5 TIMES PER WEEK,,,LEG,RIGHT,HIND,ENTIRE,,,,,2012-01-23,2012-01-23,48,48,1,,,,,,,,,
Xeno Nimo Hypox;FaDu,PR,N150a002,N150,a,2,,8.0024,,,,,,XRAY;PHOTON,PHOTON BEAM RADIATION THERAPY,RADIATION THERAPY,,Y,Y,,1.8,,Gy,,5 TIMES PER WEEK,,,LEG,RIGHT,HIND,ENTIRE,,,,,2012-01-24,2012-01-24,49,49,1,,,,,,,,,
Xeno Nimo Hypox;FaDu,PR,N150a002,N150,a,2,,8.0025,,,,,,XRAY;PHOTON,PHOTON BEAM RADIATION THERAPY,RADIATION THERAPY,,Y,Y,,1.8,,Gy,,5 TIMES PER WEEK,,,LEG,RIGHT,HIND,ENTIRE,,,,,2012-01-25,2012-01-25,50,50,1,,,,,,,,,
Xeno Nimo Hypox;FaDu,PR,N150a002,N150,a,2,,8.0026,,,,,,XRAY;PHOTON,PHOTON BEAM RADIATION THERAPY,RADIATION THERAPY,,Y,Y,,1.8,,Gy,,5 TIMES PER WEEK,,,LEG,RIGHT,HIND,ENTIRE,,,,,2012-01-26,2012-01-26,51,51,1,,,,,,,,,
Xeno Nimo Hypox;FaDu,PR,N150a002,N150,a,2,,8.0027,,,,,,XRAY;PHOTON,PHOTON BEAM RADIATION THERAPY,RADIATION THERAPY,,Y,Y,,1.8,,Gy,,5 TIMES PER WEEK,,,LEG,RIGHT,HIND,ENTIRE,,,,,2012-01-27,2012-01-27,52,52,1,,,,,,,,,
Xeno Nimo Hypox;FaDu,PR,N150a002,N150,a,2,,8.0028,,,,,,XRAY;PHOTON,PHOTON BEAM RADIATION THERAPY,RADIATION THERAPY,,Y,Y,,1.8,,Gy,,5 TIMES PER WEEK,,,LEG,RIGHT,HIND,ENTIRE,,,,,2012-01-30,2012-01-30,55,55,1,,,,,,,,,
Xeno Nimo Hypox;FaDu,PR,N150a002,N150,a,2,,8.0029,,,,,,XRAY;PHOTON,PHOTON BEAM RADIATION THERAPY,RADIATION THERAPY,,Y,Y,,1.8,,Gy,,5 TIMES PER WEEK,,,LEG,RIGHT,HIND,ENTIRE,,,,,2012-01-31,2012-01-31,56,56,1,,,,,,,,,
Xeno Nimo Hypox;FaDu,PR,N150a002,N150,a,2,,8.003,,,,,,XRAY;PHOTON,PHOTON BEAM RADIATION THERAPY,RADIATION THERAPY,,Y,Y,,1.8,,Gy,,5 TIMES PER WEEK,,,LEG,RIGHT,HIND,ENTIRE,,,,,2012-02-01,2012-02-01,57,57,1,,,,,,,,,
Xeno Nimo Hypox;FaDu,PR,N150a003,N150,a,3,,8.0,,,,,,XRAY;PHOTON,TOTAL BODY IRRADIATION,TBI; Whole Body Irradiation,,Y,Y,,4.0,,Gy,,ONCE,,,BODY,BILATERAL,,ENTIRE,,,,,2011-12-02,2011-12-02,-4,-4,1,,,,,,,,,
Xeno Nimo Hypox;FaDu,PR,N150a003,N150,a,3,,8.0001,,,,,,XRAY;PHOTON,PHOTON BEAM RADIATION THERAPY,RADIATION THERAPY,,Y,Y,,1.8,,Gy,,5 TIMES PER WEEK,,,LEG,RIGHT,HIND,ENTIRE,,,,,2011-12-22,2011-12-22,16,16,1,,,,,,,,,
Xeno Nimo Hypox;FaDu,PR,N150a003,N150,a,3,,8.0002,,,,,,XRAY;PHOTON,PHOTON BEAM RADIATION THERAPY,RADIATION THERAPY,,Y,Y,,1.8,,Gy,,5 TIMES PER WEEK,,,LEG,RIGHT,HIND,ENTIRE,,,,,2011-12-23,2011-12-23,17,17,1,,,,,,,,,
Xeno Nimo Hypox;FaDu,PR,N150a003,N150,a,3,,8.0003,,,,,,XRAY;PHOTON,PHOTON BEAM RADIATION THERAPY,RADIATION THERAPY,,Y,Y,,1.8,,Gy,,5 TIMES PER WEEK,,,LEG,RIGHT,HIND,ENTIRE,,,,,2011-12-26,2011-12-26,20,20,1,,,,,,,,,
Xeno Nimo Hypox;FaDu,PR,N150a003,N150,a,3,,8.0004,,,,,,XRAY;PHOTON,PHOTON BEAM RADIATION THERAPY,RADIATION THERAPY,,Y,Y,,1.8,,Gy,,5 TIMES PER WEEK,,,LEG,RIGHT,HIND,ENTIRE,,,,,2011-12-27,2011-12-27,21,21,1,,,,,,,,,
Xeno Nimo Hypox;FaDu,PR,N150a003,N150,a,3,,8.0005,,,,,,XRAY;PHOTON,PHOTON BEAM RADIATION THERAPY,RADIATION THERAPY,,Y,Y,,1.8,,Gy,,5 TIMES PER WEEK,,,LEG,RIGHT,HIND,ENTIRE,,,,,2011-12-28,2011-12-28,22,22,1,,,,,,,,,
Xeno Nimo Hypox;FaDu,PR,N150a003,N150,a,3,,8.0006,,,,,,XRAY;PHOTON,PHOTON BEAM RADIATION THERAPY,RADIATION THERAPY,,Y,Y,,1.8,,Gy,,5 TIMES PER WEEK,,,LEG,RIGHT,HIND,ENTIRE,,,,,2011-12-29,2011-12-29,23,23,1,,,,,,,,,
Xeno Nimo Hypox;FaDu,PR,N150a003,N150,a,3,,8.0007,,,,,,XRAY;PHOTON,PHOTON BEAM RADIATION THERAPY,RADIATION THERAPY,,Y,Y,,1.8,,Gy,,5 TIMES PER WEEK,,,LEG,RIGHT,HIND,ENTIRE,,,,,2011-12-30,2011-12-30,24,24,1,,,,,,,,,
Xeno Nimo Hypox;FaDu,PR,N150a003,N150,a,3,,8.0008,,,,,,XRAY;PHOTON,PHOTON BEAM RADIATION THERAPY,RADIATION THERAPY,,Y,Y,,1.8,,Gy,,5 TIMES PER WEEK,,,LEG,RIGHT,HIND,ENTIRE,,,,,2012-01-02,2012-01-02,27,27,1,,,,,,,,,
Xeno Nimo Hypox;FaDu,PR,N150a003,N150,a,3,,8.0009,,,,,,XRAY;PHOTON,PHOTON BEAM RADIATION THERAPY,RADIATION THERAPY,,Y,Y,,1.8,,Gy,,5 TIMES PER WEEK,,,LEG,RIGHT,HIND,ENTIRE,,,,,2012-01-03,2012-01-03,28,28,1,,,,,,,,,
Xeno Nimo Hypox;FaDu,PR,N150a003,N150,a,3,,8.001,,,,,,XRAY;PHOTON,PHOTON BEAM RADIATION THERAPY,RADIATION THERAPY,,Y,Y,,1.8,,Gy,,5 TIMES PER WEEK,,,LEG,RIGHT,HIND,ENTIRE,,,,,2012-01-04,2012-01-04,29,29,1,,,,,,,,,
Xeno Nimo Hypox;FaDu,PR,N150a003,N150,a,3,,8.0011,,,,,,XRAY;PHOTON,PHOTON BEAM RADIATION THERAPY,RADIATION THERAPY,,Y,Y,,1.8,,Gy,,5 TIMES PER WEEK,,,LEG,RIGHT,HIND,ENTIRE,,,,,2012-01-05,2012-01-05,30,30,1,,,,,,,,,
Xeno Nimo Hypox;FaDu,PR,N150a003,N150,a,3,,8.0012,,,,,,XRAY;PHOTON,PHOTON BEAM RADIATION THERAPY,RADIATION THERAPY,,Y,Y,,1.8,,Gy,,5 TIMES PER WEEK,,,LEG,RIGHT,HIND,ENTIRE,,,,,2012-01-06,2012-01-06,31,31,1,,,,,,,,,
Xeno Nimo Hypox;FaDu,PR,N150a003,N150,a,3,,8.0013,,,,,,XRAY;PHOTON,PHOTON BEAM RADIATION THERAPY,RADIATION THERAPY,,Y,Y,,1.8,,Gy,,5 TIMES PER WEEK,,,LEG,RIGHT,HIND,ENTIRE,,,,,2012-01-09,2012-01-09,34,34,1,,,,,,,,,
Xeno Nimo Hypox;FaDu,PR,N150a003,N150,a,3,,8.0014,,,,,,XRAY;PHOTON,PHOTON BEAM RADIATION THERAPY,RADIATION THERAPY,,Y,Y,,1.8,,Gy,,5 TIMES PER WEEK,,,LEG,RIGHT,HIND,ENTIRE,,,,,2012-01-10,2012-01-10,35,35,1,,,,,,,,,
Xeno Nimo Hypox;FaDu,PR,N150a003,N150,a,3,,8.0015,,,,,,XRAY;PHOTON,PHOTON BEAM RADIATION THERAPY,RADIATION THERAPY,,Y,Y,,1.8,,Gy,,5 TIMES PER WEEK,,,LEG,RIGHT,HIND,ENTIRE,,,,,2012-01-11,2012-01-11,36,36,1,,,,,,,,,
Xeno Nimo Hypox;FaDu,PR,N150a003,N150,a,3,,8.0016,,,,,,XRAY;PHOTON,PHOTON BEAM RADIATION THERAPY,RADIATION THERAPY,,Y,Y,,1.8,,Gy,,5 TIMES PER WEEK,,,LEG,RIGHT,HIND,ENTIRE,,,,,2012-01-12,2012-01-12,37,37,1,,,,,,,,,
Xeno Nimo Hypox;FaDu,PR,N150a003,N150,a,3,,8.0017,,,,,,XRAY;PHOTON,PHOTON BEAM RADIATION THERAPY,RADIATION THERAPY,,Y,Y,,1.8,,Gy,,5 TIMES PER WEEK,,,LEG,RIGHT,HIND,ENTIRE,,,,,2012-01-13,2012-01-13,38,38,1,,,,,,,,,
Xeno Nimo Hypox;FaDu,PR,N150a003,N150,a,3,,8.0018,,,,,,XRAY;PHOTON,PHOTON BEAM RADIATION THERAPY,RADIATION THERAPY,,Y,Y,,1.8,,Gy,,5 TIMES PER WEEK,,,LEG,RIGHT,HIND,ENTIRE,,,,,2012-01-16,2012-01-16,41,41,1,,,,,,,,,
Xeno Nimo Hypox;FaDu,PR,N150a003,N150,a,3,,8.0019,,,,,,XRAY;PHOTON,PHOTON BEAM RADIATION THERAPY,RADIATION THERAPY,,Y,Y,,1.8,,Gy,,5 TIMES PER WEEK,,,LEG,RIGHT,HIND,ENTIRE,,,,,2012-01-17,2012-01-17,42,42,1,,,,,,,,,
Xeno Nimo Hypox;FaDu,PR,N150a003,N150,a,3,,8.002,,,,,,XRAY;PHOTON,PHOTON BEAM RADIATION THERAPY,RADIATION THERAPY,,Y,Y,,1.8,,Gy,,5 TIMES PER WEEK,,,LEG,RIGHT,HIND,ENTIRE,,,,,2012-01-18,2012-01-18,43,43,1,,,,,,,,,
Xeno Nimo Hypox;FaDu,PR,N150a003,N150,a,3,,8.0021,,,,,,XRAY;PHOTON,PHOTON BEAM RADIATION THERAPY,RADIATION THERAPY,,Y,Y,,1.8,,Gy,,5 TIMES PER WEEK,,,LEG,RIGHT,HIND,ENTIRE,,,,,2012-01-19,2012-01-19,44,44,1,,,,,,,,,
Xeno Nimo Hypox;FaDu,PR,N150a003,N150,a,3,,8.0022,,,,,,XRAY;PHOTON,PHOTON BEAM RADIATION THERAPY,RADIATION THERAPY,,Y,Y,,1.8,,Gy,,5 TIMES PER WEEK,,,LEG,RIGHT,HIND,ENTIRE,,,,,2012-01-20,2012-01-20,45,45,1,,,,,,,,,
Xeno Nimo Hypox;FaDu,PR,N150a003,N150,a,3,,8.0023,,,,,,XRAY;PHOTON,PHOTON BEAM RADIATION THERAPY,RADIATION THERAPY,,Y,Y,,1.8,,Gy,,5 TIMES PER WEEK,,,LEG,RIGHT,HIND,ENTIRE,,,,,2012-01-23,2012-01-23,48,48,1,,,,,,,,,
Xeno Nimo Hypox;FaDu,PR,N150a003,N150,a,3,,8.0024,,,,,,XRAY;PHOTON,PHOTON BEAM RADIATION THERAPY,RADIATION THERAPY,,Y,Y,,1.8,,Gy,,5 TIMES PER WEEK,,,LEG,RIGHT,HIND,ENTIRE,,,,,2012-01-24,2012-01-24,49,49,1,,,,,,,,,
Xeno Nimo Hypox;FaDu,PR,N150a003,N150,a,3,,8.0025,,,,,,XRAY;PHOTON,PHOTON BEAM RADIATION THERAPY,RADIATION THERAPY,,Y,Y,,1.8,,Gy,,5 TIMES PER WEEK,,,LEG,RIGHT,HIND,ENTIRE,,,,,2012-01-25,2012-01-25,50,50,1,,,,,,,,,
Xeno Nimo Hypox;FaDu,PR,N150a003,N150,a,3,,8.0026,,,,,,XRAY;PHOTON,PHOTON BEAM RADIATION THERAPY,RADIATION THERAPY,,Y,Y,,1.8,,Gy,,5 TIMES PER WEEK,,,LEG,RIGHT,HIND,ENTIRE,,,,,2012-01-26,2012-01-26,51,51,1,,,,,,,,,
Xeno Nimo Hypox;FaDu,PR,N150a003,N150,a,3,,8.0027,,,,,,XRAY;PHOTON,PHOTON BEAM RADIATION THERAPY,RADIATION THERAPY,,Y,Y,,1.8,,Gy,,5 TIMES PER WEEK,,,LEG,RIGHT,HIND,ENTIRE,,,,,2012-01-27,2012-01-27,52,52,1,,,,,,,,,
Xeno Nimo Hypox;FaDu,PR,N150a003,N150,a,3,,8.0028,,,,,,XRAY;PHOTON,PHOTON BEAM RADIATION THERAPY,RADIATION THERAPY,,Y,Y,,1.8,,Gy,,5 TIMES PER WEEK,,,LEG,RIGHT,HIND,ENTIRE,,,,,2012-01-30,2012-01-30,55,55,1,,,,,,,,,
Xeno Nimo Hypox;FaDu,PR,N150a003,N150,a,3,,8.0029,,,,,,XRAY;PHOTON,PHOTON BEAM RADIATION THERAPY,RADIATION THERAPY,,Y,Y,,1.8,,Gy,,5 TIMES PER WEEK,,,LEG,RIGHT,HIND,ENTIRE,,,,,2012-01-31,2012-01-31,56,56,1,,,,,,,,,
Xeno Nimo Hypox;FaDu,PR,N150a003,N150,a,3,,8.003,,,,,,XRAY;PHOTON,PHOTON BEAM RADIATION THERAPY,RADIATION THERAPY,,Y,Y,,1.8,,Gy,,5 TIMES PER WEEK,,,LEG,RIGHT,HIND,ENTIRE,,,,,2012-02-01,2012-02-01,57,57,1,,,,,,,,,
Xeno Nimo Hypox;FaDu,PR,N150a004,N150,a,4,,8.0,,,,,,XRAY;PHOTON,TOTAL BODY IRRADIATION,TBI; Whole Body Irradiation,,Y,Y,,4.0,,Gy,,ONCE,,,BODY,BILATERAL,,ENTIRE,,,,,2011-12-02,2011-12-02,-4,-4,1,,,,,,,,,
Xeno Nimo Hypox;FaDu,PR,N150a004,N150,a,4,,8.0001,,,,,,XRAY;PHOTON,PHOTON BEAM RADIATION THERAPY,RADIATION THERAPY,,Y,Y,,1.8,,Gy,,5 TIMES PER WEEK,,,LEG,RIGHT,HIND,ENTIRE,,,,,2011-12-26,2011-12-26,20,20,1,,,,,,,,,
Xeno Nimo Hypox;FaDu,PR,N150a004,N150,a,4,,8.0002,,,,,,XRAY;PHOTON,PHOTON BEAM RADIATION THERAPY,RADIATION THERAPY,,Y,Y,,1.8,,Gy,,5 TIMES PER WEEK,,,LEG,RIGHT,HIND,ENTIRE,,,,,2011-12-27,2011-12-27,21,21,1,,,,,,,,,
Xeno Nimo Hypox;FaDu,PR,N150a004,N150,a,4,,8.0003,,,,,,XRAY;PHOTON,PHOTON BEAM RADIATION THERAPY,RADIATION THERAPY,,Y,Y,,1.8,,Gy,,5 TIMES PER WEEK,,,LEG,RIGHT,HIND,ENTIRE,,,,,2011-12-28,2011-12-28,22,22,1,,,,,,,,,
Xeno Nimo Hypox;FaDu,PR,N150a004,N150,a,4,,8.0004,,,,,,XRAY;PHOTON,PHOTON BEAM RADIATION THERAPY,RADIATION THERAPY,,Y,Y,,1.8,,Gy,,5 TIMES PER WEEK,,,LEG,RIGHT,HIND,ENTIRE,,,,,2011-12-29,2011-12-29,23,23,1,,,,,,,,,
Xeno Nimo Hypox;FaDu,PR,N150a004,N150,a,4,,8.0005,,,,,,XRAY;PHOTON,PHOTON BEAM RADIATION THERAPY,RADIATION THERAPY,,Y,Y,,1.8,,Gy,,5 TIMES PER WEEK,,,LEG,RIGHT,HIND,ENTIRE,,,,,2011-12-30,2011-12-30,24,24,1,,,,,,,,,
Xeno Nimo Hypox;FaDu,PR,N150a004,N150,a,4,,8.0006,,,,,,XRAY;PHOTON,PHOTON BEAM RADIATION THERAPY,RADIATION THERAPY,,Y,Y,,1.8,,Gy,,5 TIMES PER WEEK,,,LEG,RIGHT,HIND,ENTIRE,,,,,2012-01-02,2012-01-02,27,27,1,,,,,,,,,
Xeno Nimo Hypox;FaDu,PR,N150a004,N150,a,4,,8.0007,,,,,,XRAY;PHOTON,PHOTON BEAM RADIATION THERAPY,RADIATION THERAPY,,Y,Y,,1.8,,Gy,,5 TIMES PER WEEK,,,LEG,RIGHT,HIND,ENTIRE,,,,,2012-01-03,2012-01-03,28,28,1,,,,,,,,,
Xeno Nimo Hypox;FaDu,PR,N150a004,N150,a,4,,8.0008,,,,,,XRAY;PHOTON,PHOTON BEAM RADIATION THERAPY,RADIATION THERAPY,,Y,Y,,1.8,,Gy,,5 TIMES PER WEEK,,,LEG,RIGHT,HIND,ENTIRE,,,,,2012-01-04,2012-01-04,29,29,1,,,,,,,,,
Xeno Nimo Hypox;FaDu,PR,N150a004,N150,a,4,,8.0009,,,,,,XRAY;PHOTON,PHOTON BEAM RADIATION THERAPY,RADIATION THERAPY,,Y,Y,,1.8,,Gy,,5 TIMES PER WEEK,,,LEG,RIGHT,HIND,ENTIRE,,,,,2012-01-05,2012-01-05,30,30,1,,,,,,,,,
Xeno Nimo Hypox;FaDu,PR,N150a004,N150,a,4,,8.001,,,,,,XRAY;PHOTON,PHOTON BEAM RADIATION THERAPY,RADIATION THERAPY,,Y,Y,,1.8,,Gy,,5 TIMES PER WEEK,,,LEG,RIGHT,HIND,ENTIRE,,,,,2012-01-06,2012-01-06,31,31,1,,,,,,,,,
Xeno Nimo Hypox;FaDu,PR,N150a004,N150,a,4,,8.0011,,,,,,XRAY;PHOTON,PHOTON BEAM RADIATION THERAPY,RADIATION THERAPY,,Y,Y,,1.8,,Gy,,5 TIMES PER WEEK,,,LEG,RIGHT,HIND,ENTIRE,,,,,2012-01-09,2012-01-09,34,34,1,,,,,,,,,
Xeno Nimo Hypox;FaDu,PR,N150a004,N150,a,4,,8.0012,,,,,,XRAY;PHOTON,PHOTON BEAM RADIATION THERAPY,RADIATION THERAPY,,Y,Y,,1.8,,Gy,,5 TIMES PER WEEK,,,LEG,RIGHT,HIND,ENTIRE,,,,,2012-01-10,2012-01-10,35,35,1,,,,,,,,,
Xeno Nimo Hypox;FaDu,PR,N150a004,N150,a,4,,8.0013,,,,,,XRAY;PHOTON,PHOTON BEAM RADIATION THERAPY,RADIATION THERAPY,,Y,Y,,1.8,,Gy,,5 TIMES PER WEEK,,,LEG,RIGHT,HIND,ENTIRE,,,,,2012-01-11,2012-01-11,36,36,1,,,,,,,,,
Xeno Nimo Hypox;FaDu,PR,N150a004,N150,a,4,,8.0014,,,,,,XRAY;PHOTON,PHOTON BEAM RADIATION THERAPY,RADIATION THERAPY,,Y,Y,,1.8,,Gy,,5 TIMES PER WEEK,,,LEG,RIGHT,HIND,ENTIRE,,,,,2012-01-12,2012-01-12,37,37,1,,,,,,,,,
Xeno Nimo Hypox;FaDu,PR,N150a004,N150,a,4,,8.0015,,,,,,XRAY;PHOTON,PHOTON BEAM RADIATION THERAPY,RADIATION THERAPY,,Y,Y,,1.8,,Gy,,5 TIMES PER WEEK,,,LEG,RIGHT,HIND,ENTIRE,,,,,2012-01-13,2012-01-13,38,38,1,,,,,,,,,
Xeno Nimo Hypox;FaDu,PR,N150a004,N150,a,4,,8.0016,,,,,,XRAY;PHOTON,PHOTON BEAM RADIATION THERAPY,RADIATION THERAPY,,Y,Y,,1.8,,Gy,,5 TIMES PER WEEK,,,LEG,RIGHT,HIND,ENTIRE,,,,,2012-01-16,2012-01-16,41,41,1,,,,,,,,,
Xeno Nimo Hypox;FaDu,PR,N150a004,N150,a,4,,8.0017,,,,,,XRAY;PHOTON,PHOTON BEAM RADIATION THERAPY,RADIATION THERAPY,,Y,Y,,1.8,,Gy,,5 TIMES PER WEEK,,,LEG,RIGHT,HIND,ENTIRE,,,,,2012-01-17,2012-01-17,42,42,1,,,,,,,,,
Xeno Nimo Hypox;FaDu,PR,N150a004,N150,a,4,,8.0018,,,,,,XRAY;PHOTON,PHOTON BEAM RADIATION THERAPY,RADIATION THERAPY,,Y,Y,,1.8,,Gy,,5 TIMES PER WEEK,,,LEG,RIGHT,HIND,ENTIRE,,,,,2012-01-18,2012-01-18,43,43,1,,,,,,,,,
Xeno Nimo Hypox;FaDu,PR,N150a004,N150,a,4,,8.0019,,,,,,XRAY;PHOTON,PHOTON BEAM RADIATION THERAPY,RADIATION THERAPY,,Y,Y,,1.8,,Gy,,5 TIMES PER WEEK,,,LEG,RIGHT,HIND,ENTIRE,,,,,2012-01-19,2012-01-19,44,44,1,,,,,,,,,
Xeno Nimo Hypox;FaDu,PR,N150a004,N150,a,4,,8.002,,,,,,XRAY;PHOTON,PHOTON BEAM RADIATION THERAPY,RADIATION THERAPY,,Y,Y,,1.8,,Gy,,5 TIMES PER WEEK,,,LEG,RIGHT,HIND,ENTIRE,,,,,2012-01-20,2012-01-20,45,45,1,,,,,,,,,
Xeno Nimo Hypox;FaDu,PR,N150a004,N150,a,4,,8.0021,,,,,,XRAY;PHOTON,PHOTON BEAM RADIATION THERAPY,RADIATION THERAPY,,Y,Y,,1.8,,Gy,,5 TIMES PER WEEK,,,LEG,RIGHT,HIND,ENTIRE,,,,,2012-01-23,2012-01-23,48,48,1,,,,,,,,,
Xeno Nimo Hypox;FaDu,PR,N150a004,N150,a,4,,8.0022,,,,,,XRAY;PHOTON,PHOTON BEAM RADIATION THERAPY,RADIATION THERAPY,,Y,Y,,1.8,,Gy,,5 TIMES PER WEEK,,,LEG,RIGHT,HIND,ENTIRE,,,,,2012-01-24,2012-01-24,49,49,1,,,,,,,,,
Xeno Nimo Hypox;FaDu,PR,N150a004,N150,a,4,,8.0023,,,,,,XRAY;PHOTON,PHOTON BEAM RADIATION THERAPY,RADIATION THERAPY,,Y,Y,,1.8,,Gy,,5 TIMES PER WEEK,,,LEG,RIGHT,HIND,ENTIRE,,,,,2012-01-25,2012-01-25,50,50,1,,,,,,,,,
Xeno Nimo Hypox;FaDu,PR,N150a004,N150,a,4,,8.0024,,,,,,XRAY;PHOTON,PHOTON BEAM RADIATION THERAPY,RADIATION THERAPY,,Y,Y,,1.8,,Gy,,5 TIMES PER WEEK,,,LEG,RIGHT,HIND,ENTIRE,,,,,2012-01-26,2012-01-26,51,51,1,,,,,,,,,
Xeno Nimo Hypox;FaDu,PR,N150a004,N150,a,4,,8.0025,,,,,,XRAY;PHOTON,PHOTON BEAM RADIATION THERAPY,RADIATION THERAPY,,Y,Y,,1.8,,Gy,,5 TIMES PER WEEK,,,LEG,RIGHT,HIND,ENTIRE,,,,,2012-01-27,2012-01-27,52,52,1,,,,,,,,,
Xeno Nimo Hypox;FaDu,PR,N150a004,N150,a,4,,8.0026,,,,,,XRAY;PHOTON,PHOTON BEAM RADIATION THERAPY,RADIATION THERAPY,,Y,Y,,1.8,,Gy,,5 TIMES PER WEEK,,,LEG,RIGHT,HIND,ENTIRE,,,,,2012-01-30,2012-01-30,55,55,1,,,,,,,,,
Xeno Nimo Hypox;FaDu,PR,N150a004,N150,a,4,,8.0027,,,,,,XRAY;PHOTON,PHOTON BEAM RADIATION THERAPY,RADIATION THERAPY,,Y,Y,,1.8,,Gy,,5 TIMES PER WEEK,,,LEG,RIGHT,HIND,ENTIRE,,,,,2012-01-31,2012-01-31,56,56,1,,,,,,,,,
Xeno Nimo Hypox;FaDu,PR,N150a004,N150,a,4,,8.0028,,,,,,XRAY;PHOTON,PHOTON BEAM RADIATION THERAPY,RADIATION THERAPY,,Y,Y,,1.8,,Gy,,5 TIMES PER WEEK,,,LEG,RIGHT,HIND,ENTIRE,,,,,2012-02-01,2012-02-01,57,57,1,,,,,,,,,
Xeno Nimo Hypox;FaDu,PR,N150a004,N150,a,4,,8.0029,,,,,,XRAY;PHOTON,PHOTON BEAM RADIATION THERAPY,RADIATION THERAPY,,Y,Y,,1.8,,Gy,,5 TIMES PER WEEK,,,LEG,RIGHT,HIND,ENTIRE,,,,,2012-02-02,2012-02-02,58,58,1,,,,,,,,,
Xeno Nimo Hypox;FaDu,PR,N150a004,N150,a,4,,8.003,,,,,,XRAY;PHOTON,PHOTON BEAM RADIATION THERAPY,RADIATION THERAPY,,Y,Y,,1.8,,Gy,,5 TIMES PER WEEK,,,LEG,RIGHT,HIND,ENTIRE,,,,,2012-02-03,2012-02-03,59,59,1,,,,,,,,,
Xeno Nimo Hypox;FaDu,PR,N150a027,N150,a,27,,8.0,,,,,,XRAY;PHOTON,TOTAL BODY IRRADIATION,TBI; Whole Body Irradiation,,Y,Y,,4.0,,Gy,,ONCE,,,BODY,BILATERAL,,ENTIRE,,,,,2011-12-02,2011-12-02,-4,-4,1,,,,,,,,,
Xeno Nimo Hypox;FaDu,PR,N150a027,N150,a,27,,8.0001,,,,,,XRAY;PHOTON,PHOTON BEAM RADIATION THERAPY,RADIATION THERAPY,,Y,Y,,1.8,,Gy,,5 TIMES PER WEEK,,,LEG,RIGHT,HIND,ENTIRE,,,,,2011-12-26,2011-12-26,20,20,1,,,,,,,,,
Xeno Nimo Hypox;FaDu,PR,N150a027,N150,a,27,,8.0002,,,,,,XRAY;PHOTON,PHOTON BEAM RADIATION THERAPY,RADIATION THERAPY,,Y,Y,,1.8,,Gy,,5 TIMES PER WEEK,,,LEG,RIGHT,HIND,ENTIRE,,,,,2011-12-27,2011-12-27,21,21,1,,,,,,,,,
Xeno Nimo Hypox;FaDu,PR,N150a027,N150,a,27,,8.0003,,,,,,XRAY;PHOTON,PHOTON BEAM RADIATION THERAPY,RADIATION THERAPY,,Y,Y,,1.8,,Gy,,5 TIMES PER WEEK,,,LEG,RIGHT,HIND,ENTIRE,,,,,2011-12-28,2011-12-28,22,22,1,,,,,,,,,
Xeno Nimo Hypox;FaDu,PR,N150a027,N150,a,27,,8.0004,,,,,,XRAY;PHOTON,PHOTON BEAM RADIATION THERAPY,RADIATION THERAPY,,Y,Y,,1.8,,Gy,,5 TIMES PER WEEK,,,LEG,RIGHT,HIND,ENTIRE,,,,,2011-12-29,2011-12-29,23,23,1,,,,,,,,,
Xeno Nimo Hypox;FaDu,PR,N150a027,N150,a,27,,8.0005,,,,,,XRAY;PHOTON,PHOTON BEAM RADIATION THERAPY,RADIATION THERAPY,,Y,Y,,1.8,,Gy,,5 TIMES PER WEEK,,,LEG,RIGHT,HIND,ENTIRE,,,,,2011-12-30,2011-12-30,24,24,1,,,,,,,,,
Xeno Nimo Hypox;FaDu,PR,N150a027,N150,a,27,,8.0006,,,,,,XRAY;PHOTON,PHOTON BEAM RADIATION THERAPY,RADIATION THERAPY,,Y,Y,,1.8,,Gy,,5 TIMES PER WEEK,,,LEG,RIGHT,HIND,ENTIRE,,,,,2012-01-02,2012-01-02,27,27,1,,,,,,,,,
Xeno Nimo Hypox;FaDu,PR,N150a027,N150,a,27,,8.0007,,,,,,XRAY;PHOTON,PHOTON BEAM RADIATION THERAPY,RADIATION THERAPY,,Y,Y,,1.8,,Gy,,5 TIMES PER WEEK,,,LEG,RIGHT,HIND,ENTIRE,,,,,2012-01-03,2012-01-03,28,28,1,,,,,,,,,
Xeno Nimo Hypox;FaDu,PR,N150a027,N150,a,27,,8.0008,,,,,,XRAY;PHOTON,PHOTON BEAM RADIATION THERAPY,RADIATION THERAPY,,Y,Y,,1.8,,Gy,,5 TIMES PER WEEK,,,LEG,RIGHT,HIND,ENTIRE,,,,,2012-01-04,2012-01-04,29,29,1,,,,,,,,,
Xeno Nimo Hypox;FaDu,PR,N150a027,N150,a,27,,8.0009,,,,,,XRAY;PHOTON,PHOTON BEAM RADIATION THERAPY,RADIATION THERAPY,,Y,Y,,1.8,,Gy,,5 TIMES PER WEEK,,,LEG,RIGHT,HIND,ENTIRE,,,,,2012-01-05,2012-01-05,30,30,1,,,,,,,,,
Xeno Nimo Hypox;FaDu,PR,N150a027,N150,a,27,,8.001,,,,,,XRAY;PHOTON,PHOTON BEAM RADIATION THERAPY,RADIATION THERAPY,,Y,Y,,1.8,,Gy,,5 TIMES PER WEEK,,,LEG,RIGHT,HIND,ENTIRE,,,,,2012-01-06,2012-01-06,31,31,1,,,,,,,,,
Xeno Nimo Hypox;FaDu,PR,N150a027,N150,a,27,,8.0011,,,,,,XRAY;PHOTON,PHOTON BEAM RADIATION THERAPY,RADIATION THERAPY,,Y,Y,,1.8,,Gy,,5 TIMES PER WEEK,,,LEG,RIGHT,HIND,ENTIRE,,,,,2012-01-09,2012-01-09,34,34,1,,,,,,,,,
Xeno Nimo Hypox;FaDu,PR,N150a027,N150,a,27,,8.0012,,,,,,XRAY;PHOTON,PHOTON BEAM RADIATION THERAPY,RADIATION THERAPY,,Y,Y,,1.8,,Gy,,5 TIMES PER WEEK,,,LEG,RIGHT,HIND,ENTIRE,,,,,2012-01-10,2012-01-10,35,35,1,,,,,,,,,
Xeno Nimo Hypox;FaDu,PR,N150a027,N150,a,27,,8.0013,,,,,,XRAY;PHOTON,PHOTON BEAM RADIATION THERAPY,RADIATION THERAPY,,Y,Y,,1.8,,Gy,,5 TIMES PER WEEK,,,LEG,RIGHT,HIND,ENTIRE,,,,,2012-01-11,2012-01-11,36,36,1,,,,,,,,,
Xeno Nimo Hypox;FaDu,PR,N150a027,N150,a,27,,8.0014,,,,,,XRAY;PHOTON,PHOTON BEAM RADIATION THERAPY,RADIATION THERAPY,,Y,Y,,1.8,,Gy,,5 TIMES PER WEEK,,,LEG,RIGHT,HIND,ENTIRE,,,,,2012-01-12,2012-01-12,37,37,1,,,,,,,,,
Xeno Nimo Hypox;FaDu,PR,N150a027,N150,a,27,,8.0015,,,,,,XRAY;PHOTON,PHOTON BEAM RADIATION THERAPY,RADIATION THERAPY,,Y,Y,,1.8,,Gy,,5 TIMES PER WEEK,,,LEG,RIGHT,HIND,ENTIRE,,,,,2012-01-13,2012-01-13,38,38,1,,,,,,,,,
Xeno Nimo Hypox;FaDu,PR,N150a027,N150,a,27,,8.0016,,,,,,XRAY;PHOTON,PHOTON BEAM RADIATION THERAPY,RADIATION THERAPY,,Y,Y,,1.8,,Gy,,5 TIMES PER WEEK,,,LEG,RIGHT,HIND,ENTIRE,,,,,2012-01-16,2012-01-16,41,41,1,,,,,,,,,
Xeno Nimo Hypox;FaDu,PR,N150a027,N150,a,27,,8.0017,,,,,,XRAY;PHOTON,PHOTON BEAM RADIATION THERAPY,RADIATION THERAPY,,Y,Y,,1.8,,Gy,,5 TIMES PER WEEK,,,LEG,RIGHT,HIND,ENTIRE,,,,,2012-01-17,2012-01-17,42,42,1,,,,,,,,,
Xeno Nimo Hypox;FaDu,PR,N150a027,N150,a,27,,8.0018,,,,,,XRAY;PHOTON,PHOTON BEAM RADIATION THERAPY,RADIATION THERAPY,,Y,Y,,1.8,,Gy,,5 TIMES PER WEEK,,,LEG,RIGHT,HIND,ENTIRE,,,,,2012-01-18,2012-01-18,43,43,1,,,,,,,,,
Xeno Nimo Hypox;FaDu,PR,N150a027,N150,a,27,,8.0019,,,,,,XRAY;PHOTON,PHOTON BEAM RADIATION THERAPY,RADIATION THERAPY,,Y,Y,,1.8,,Gy,,5 TIMES PER WEEK,,,LEG,RIGHT,HIND,ENTIRE,,,,,2012-01-19,2012-01-19,44,44,1,,,,,,,,,
Xeno Nimo Hypox;FaDu,PR,N150a027,N150,a,27,,8.002,,,,,,XRAY;PHOTON,PHOTON BEAM RADIATION THERAPY,RADIATION THERAPY,,Y,Y,,1.8,,Gy,,5 TIMES PER WEEK,,,LEG,RIGHT,HIND,ENTIRE,,,,,2012-01-20,2012-01-20,45,45,1,,,,,,,,,
Xeno Nimo Hypox;FaDu,PR,N150a027,N150,a,27,,8.0021,,,,,,XRAY;PHOTON,PHOTON BEAM RADIATION THERAPY,RADIATION THERAPY,,Y,Y,,1.8,,Gy,,5 TIMES PER WEEK,,,LEG,RIGHT,HIND,ENTIRE,,,,,2012-01-23,2012-01-23,48,48,1,,,,,,,,,
Xeno Nimo Hypox;FaDu,PR,N150a027,N150,a,27,,8.0022,,,,,,XRAY;PHOTON,PHOTON BEAM RADIATION THERAPY,RADIATION THERAPY,,Y,Y,,1.8,,Gy,,5 TIMES PER WEEK,,,LEG,RIGHT,HIND,ENTIRE,,,,,2012-01-24,2012-01-24,49,49,1,,,,,,,,,
Xeno Nimo Hypox;FaDu,PR,N150a027,N150,a,27,,8.0023,,,,,,XRAY;PHOTON,PHOTON BEAM RADIATION THERAPY,RADIATION THERAPY,,Y,Y,,1.8,,Gy,,5 TIMES PER WEEK,,,LEG,RIGHT,HIND,ENTIRE,,,,,2012-01-25,2012-01-25,50,50,1,,,,,,,,,
Xeno Nimo Hypox;FaDu,PR,N150a027,N150,a,27,,8.0024,,,,,,XRAY;PHOTON,PHOTON BEAM RADIATION THERAPY,RADIATION THERAPY,,Y,Y,,1.8,,Gy,,5 TIMES PER WEEK,,,LEG,RIGHT,HIND,ENTIRE,,,,,2012-01-26,2012-01-26,51,51,1,,,,,,,,,
Xeno Nimo Hypox;FaDu,PR,N150a027,N150,a,27,,8.0025,,,,,,XRAY;PHOTON,PHOTON BEAM RADIATION THERAPY,RADIATION THERAPY,,Y,Y,,1.8,,Gy,,5 TIMES PER WEEK,,,LEG,RIGHT,HIND,ENTIRE,,,,,2012-01-27,2012-01-27,52,52,1,,,,,,,,,
Xeno Nimo Hypox;FaDu,PR,N150a027,N150,a,27,,8.0026,,,,,,XRAY;PHOTON,PHOTON BEAM RADIATION THERAPY,RADIATION THERAPY,,Y,Y,,1.8,,Gy,,5 TIMES PER WEEK,,,LEG,RIGHT,HIND,ENTIRE,,,,,2012-01-30,2012-01-30,55,55,1,,,,,,,,,
Xeno Nimo Hypox;FaDu,PR,N150a027,N150,a,27,,8.0027,,,,,,XRAY;PHOTON,PHOTON BEAM RADIATION THERAPY,RADIATION THERAPY,,Y,Y,,1.8,,Gy,,5 TIMES PER WEEK,,,LEG,RIGHT,HIND,ENTIRE,,,,,2012-01-31,2012-01-31,56,56,1,,,,,,,,,
Xeno Nimo Hypox;FaDu,PR,N150a027,N150,a,27,,8.0028,,,,,,XRAY;PHOTON,PHOTON BEAM RADIATION THERAPY,RADIATION THERAPY,,Y,Y,,1.8,,Gy,,5 TIMES PER WEEK,,,LEG,RIGHT,HIND,ENTIRE,,,,,2012-02-01,2012-02-01,57,57,1,,,,,,,,,
Xeno Nimo Hypox;FaDu,PR,N150a027,N150,a,27,,8.0029,,,,,,XRAY;PHOTON,PHOTON BEAM RADIATION THERAPY,RADIATION THERAPY,,Y,Y,,1.8,,Gy,,5 TIMES PER WEEK,,,LEG,RIGHT,HIND,ENTIRE,,,,,2012-02-02,2012-02-02,58,58,1,,,,,,,,,
Xeno Nimo Hypox;FaDu,PR,N150a027,N150,a,27,,8.003,,,,,,XRAY;PHOTON,PHOTON BEAM RADIATION THERAPY,RADIATION THERAPY,,Y,Y,,1.8,,Gy,,5 TIMES PER WEEK,,,LEG,RIGHT,HIND,ENTIRE,,,,,2012-02-03,2012-02-03,59,59,1,,,,,,,,,
Xeno Nimo Hypox;FaDu,PR,N150a028,N150,a,28,,8.0,,,,,,XRAY;PHOTON,TOTAL BODY IRRADIATION,TBI; Whole Body Irradiation,,Y,Y,,4.0,,Gy,,ONCE,,,BODY,BILATERAL,,ENTIRE,,,,,2011-12-02,2011-12-02,-4,-4,1,,,,,,,,,
Xeno Nimo Hypox;FaDu,PR,N150a028,N150,a,28,,8.0001,,,,,,XRAY;PHOTON,PHOTON BEAM RADIATION THERAPY,RADIATION THERAPY,,Y,Y,,1.8,,Gy,,5 TIMES PER WEEK,,,LEG,RIGHT,HIND,ENTIRE,,,,,2012-01-09,2012-01-09,34,34,1,,,,,,,,,
Xeno Nimo Hypox;FaDu,PR,N150a028,N150,a,28,,8.0002,,,,,,XRAY;PHOTON,PHOTON BEAM RADIATION THERAPY,RADIATION THERAPY,,Y,Y,,1.8,,Gy,,5 TIMES PER WEEK,,,LEG,RIGHT,HIND,ENTIRE,,,,,2012-01-10,2012-01-10,35,35,1,,,,,,,,,
Xeno Nimo Hypox;FaDu,PR,N150a028,N150,a,28,,8.0003,,,,,,XRAY;PHOTON,PHOTON BEAM RADIATION THERAPY,RADIATION THERAPY,,Y,Y,,1.8,,Gy,,5 TIMES PER WEEK,,,LEG,RIGHT,HIND,ENTIRE,,,,,2012-01-11,2012-01-11,36,36,1,,,,,,,,,
Xeno Nimo Hypox;FaDu,PR,N150a028,N150,a,28,,8.0004,,,,,,XRAY;PHOTON,PHOTON BEAM RADIATION THERAPY,RADIATION THERAPY,,Y,Y,,1.8,,Gy,,5 TIMES PER WEEK,,,LEG,RIGHT,HIND,ENTIRE,,,,,2012-01-12,2012-01-12,37,37,1,,,,,,,,,
Xeno Nimo Hypox;FaDu,PR,N150a028,N150,a,28,,8.0005,,,,,,XRAY;PHOTON,PHOTON BEAM RADIATION THERAPY,RADIATION THERAPY,,Y,Y,,1.8,,Gy,,5 TIMES PER WEEK,,,LEG,RIGHT,HIND,ENTIRE,,,,,2012-01-13,2012-01-13,38,38,1,,,,,,,,,
Xeno Nimo Hypox;FaDu,PR,N150a028,N150,a,28,,8.0006,,,,,,XRAY;PHOTON,PHOTON BEAM RADIATION THERAPY,RADIATION THERAPY,,Y,Y,,1.8,,Gy,,5 TIMES PER WEEK,,,LEG,RIGHT,HIND,ENTIRE,,,,,2012-01-16,2012-01-16,41,41,1,,,,,,,,,
Xeno Nimo Hypox;FaDu,PR,N150a028,N150,a,28,,8.0007,,,,,,XRAY;PHOTON,PHOTON BEAM RADIATION THERAPY,RADIATION THERAPY,,Y,Y,,1.8,,Gy,,5 TIMES PER WEEK,,,LEG,RIGHT,HIND,ENTIRE,,,,,2012-01-17,2012-01-17,42,42,1,,,,,,,,,
Xeno Nimo Hypox;FaDu,PR,N150a028,N150,a,28,,8.0008,,,,,,XRAY;PHOTON,PHOTON BEAM RADIATION THERAPY,RADIATION THERAPY,,Y,Y,,1.8,,Gy,,5 TIMES PER WEEK,,,LEG,RIGHT,HIND,ENTIRE,,,,,2012-01-18,2012-01-18,43,43,1,,,,,,,,,
Xeno Nimo Hypox;FaDu,PR,N150a028,N150,a,28,,8.0009,,,,,,XRAY;PHOTON,PHOTON BEAM RADIATION THERAPY,RADIATION THERAPY,,Y,Y,,1.8,,Gy,,5 TIMES PER WEEK,,,LEG,RIGHT,HIND,ENTIRE,,,,,2012-01-19,2012-01-19,44,44,1,,,,,,,,,
Xeno Nimo Hypox;FaDu,PR,N150a028,N150,a,28,,8.001,,,,,,XRAY;PHOTON,PHOTON BEAM RADIATION THERAPY,RADIATION THERAPY,,Y,Y,,1.8,,Gy,,5 TIMES PER WEEK,,,LEG,RIGHT,HIND,ENTIRE,,,,,2012-01-20,2012-01-20,45,45,1,,,,,,,,,
Xeno Nimo Hypox;FaDu,PR,N150a028,N150,a,28,,8.0011,,,,,,XRAY;PHOTON,PHOTON BEAM RADIATION THERAPY,RADIATION THERAPY,,Y,Y,,1.8,,Gy,,5 TIMES PER WEEK,,,LEG,RIGHT,HIND,ENTIRE,,,,,2012-01-23,2012-01-23,48,48,1,,,,,,,,,
Xeno Nimo Hypox;FaDu,PR,N150a028,N150,a,28,,8.0012,,,,,,XRAY;PHOTON,PHOTON BEAM RADIATION THERAPY,RADIATION THERAPY,,Y,Y,,1.8,,Gy,,5 TIMES PER WEEK,,,LEG,RIGHT,HIND,ENTIRE,,,,,2012-01-24,2012-01-24,49,49,1,,,,,,,,,
Xeno Nimo Hypox;FaDu,PR,N150a028,N150,a,28,,8.0013,,,,,,XRAY;PHOTON,PHOTON BEAM RADIATION THERAPY,RADIATION THERAPY,,Y,Y,,1.8,,Gy,,5 TIMES PER WEEK,,,LEG,RIGHT,HIND,ENTIRE,,,,,2012-01-25,2012-01-25,50,50,1,,,,,,,,,
Xeno Nimo Hypox;FaDu,PR,N150a028,N150,a,28,,8.0014,,,,,,XRAY;PHOTON,PHOTON BEAM RADIATION THERAPY,RADIATION THERAPY,,Y,Y,,1.8,,Gy,,5 TIMES PER WEEK,,,LEG,RIGHT,HIND,ENTIRE,,,,,2012-01-26,2012-01-26,51,51,1,,,,,,,,,
Xeno Nimo Hypox;FaDu,PR,N150a028,N150,a,28,,8.0015,,,,,,XRAY;PHOTON,PHOTON BEAM RADIATION THERAPY,RADIATION THERAPY,,Y,Y,,1.8,,Gy,,5 TIMES PER WEEK,,,LEG,RIGHT,HIND,ENTIRE,,,,,2012-01-27,2012-01-27,52,52,1,,,,,,,,,
Xeno Nimo Hypox;FaDu,PR,N150a028,N150,a,28,,8.0016,,,,,,XRAY;PHOTON,PHOTON BEAM RADIATION THERAPY,RADIATION THERAPY,,Y,Y,,1.8,,Gy,,5 TIMES PER WEEK,,,LEG,RIGHT,HIND,ENTIRE,,,,,2012-01-30,2012-01-30,55,55,1,,,,,,,,,
Xeno Nimo Hypox;FaDu,PR,N150a028,N150,a,28,,8.0017,,,,,,XRAY;PHOTON,PHOTON BEAM RADIATION THERAPY,RADIATION THERAPY,,Y,Y,,1.8,,Gy,,5 TIMES PER WEEK,,,LEG,RIGHT,HIND,ENTIRE,,,,,2012-01-31,2012-01-31,56,56,1,,,,,,,,,
Xeno Nimo Hypox;FaDu,PR,N150a028,N150,a,28,,8.0018,,,,,,XRAY;PHOTON,PHOTON BEAM RADIATION THERAPY,RADIATION THERAPY,,Y,Y,,1.8,,Gy,,5 TIMES PER WEEK,,,LEG,RIGHT,HIND,ENTIRE,,,,,2012-02-01,2012-02-01,57,57,1,,,,,,,,,
Xeno Nimo Hypox;FaDu,PR,N150a028,N150,a,28,,8.0019,,,,,,XRAY;PHOTON,PHOTON BEAM RADIATION THERAPY,RADIATION THERAPY,,Y,Y,,1.8,,Gy,,5 TIMES PER WEEK,,,LEG,RIGHT,HIND,ENTIRE,,,,,2012-02-02,2012-02-02,58,58,1,,,,,,,,,
Xeno Nimo Hypox;FaDu,PR,N150a028,N150,a,28,,8.002,,,,,,XRAY;PHOTON,PHOTON BEAM RADIATION THERAPY,RADIATION THERAPY,,Y,Y,,1.8,,Gy,,5 TIMES PER WEEK,,,LEG,RIGHT,HIND,ENTIRE,,,,,2012-02-03,2012-02-03,59,59,1,,,,,,,,,
Xeno Nimo Hypox;FaDu,PR,N150a028,N150,a,28,,8.0021,,,,,,XRAY;PHOTON,PHOTON BEAM RADIATION THERAPY,RADIATION THERAPY,,Y,Y,,1.8,,Gy,,5 TIMES PER WEEK,,,LEG,RIGHT,HIND,ENTIRE,,,,,2012-02-06,2012-02-06,62,62,1,,,,,,,,,
Xeno Nimo Hypox;FaDu,PR,N150a028,N150,a,28,,8.0022,,,,,,XRAY;PHOTON,PHOTON BEAM RADIATION THERAPY,RADIATION THERAPY,,Y,Y,,1.8,,Gy,,5 TIMES PER WEEK,,,LEG,RIGHT,HIND,ENTIRE,,,,,2012-02-07,2012-02-07,63,63,1,,,,,,,,,
Xeno Nimo Hypox;FaDu,PR,N150a028,N150,a,28,,8.0023,,,,,,XRAY;PHOTON,PHOTON BEAM RADIATION THERAPY,RADIATION THERAPY,,Y,Y,,1.8,,Gy,,5 TIMES PER WEEK,,,LEG,RIGHT,HIND,ENTIRE,,,,,2012-02-08,2012-02-08,64,64,1,,,,,,,,,
Xeno Nimo Hypox;FaDu,PR,N150a028,N150,a,28,,8.0024,,,,,,XRAY;PHOTON,PHOTON BEAM RADIATION THERAPY,RADIATION THERAPY,,Y,Y,,1.8,,Gy,,5 TIMES PER WEEK,,,LEG,RIGHT,HIND,ENTIRE,,,,,2012-02-09,2012-02-09,65,65,1,,,,,,,,,
Xeno Nimo Hypox;FaDu,PR,N150a028,N150,a,28,,8.0025,,,,,,XRAY;PHOTON,PHOTON BEAM RADIATION THERAPY,RADIATION THERAPY,,Y,Y,,1.8,,Gy,,5 TIMES PER WEEK,,,LEG,RIGHT,HIND,ENTIRE,,,,,2012-02-10,2012-02-10,66,66,1,,,,,,,,,
Xeno Nimo Hypox;FaDu,PR,N150a028,N150,a,28,,8.0026,,,,,,XRAY;PHOTON,PHOTON BEAM RADIATION THERAPY,RADIATION THERAPY,,Y,Y,,1.8,,Gy,,5 TIMES PER WEEK,,,LEG,RIGHT,HIND,ENTIRE,,,,,2012-02-13,2012-02-13,69,69,1,,,,,,,,,
Xeno Nimo Hypox;FaDu,PR,N150a028,N150,a,28,,8.0027,,,,,,XRAY;PHOTON,PHOTON BEAM RADIATION THERAPY,RADIATION THERAPY,,Y,Y,,1.8,,Gy,,5 TIMES PER WEEK,,,LEG,RIGHT,HIND,ENTIRE,,,,,2012-02-14,2012-02-14,70,70,1,,,,,,,,,
Xeno Nimo Hypox;FaDu,PR,N150a028,N150,a,28,,8.0028,,,,,,XRAY;PHOTON,PHOTON BEAM RADIATION THERAPY,RADIATION THERAPY,,Y,Y,,1.8,,Gy,,5 TIMES PER WEEK,,,LEG,RIGHT,HIND,ENTIRE,,,,,2012-02-15,2012-02-15,71,71,1,,,,,,,,,
Xeno Nimo Hypox;FaDu,PR,N150a028,N150,a,28,,8.0029,,,,,,XRAY;PHOTON,PHOTON BEAM RADIATION THERAPY,RADIATION THERAPY,,Y,Y,,1.8,,Gy,,5 TIMES PER WEEK,,,LEG,RIGHT,HIND,ENTIRE,,,,,2012-02-16,2012-02-16,72,72,1,,,,,,,,,
Xeno Nimo Hypox;FaDu,PR,N150a028,N150,a,28,,8.003,,,,,,XRAY;PHOTON,PHOTON BEAM RADIATION THERAPY,RADIATION THERAPY,,Y,Y,,1.8,,Gy,,5 TIMES PER WEEK,,,LEG,RIGHT,HIND,ENTIRE,,,,,2012-02-17,2012-02-17,73,73,1,,,,,,,,,
Xeno Nimo Hypox;FaDu,PR,N150a029,N150,a,29,,8.0,,,,,,XRAY;PHOTON,TOTAL BODY IRRADIATION,TBI; Whole Body Irradiation,,Y,Y,,4.0,,Gy,,ONCE,,,BODY,BILATERAL,,ENTIRE,,,,,2011-12-02,2011-12-02,-4,-4,1,,,,,,,,,
Xeno Nimo Hypox;FaDu,PR,N150a029,N150,a,29,,8.0001,,,,,,XRAY;PHOTON,PHOTON BEAM RADIATION THERAPY,RADIATION THERAPY,,Y,Y,,1.8,,Gy,,5 TIMES PER WEEK,,,LEG,RIGHT,HIND,ENTIRE,,,,,2012-01-02,2012-01-02,27,27,1,,,,,,,,,
Xeno Nimo Hypox;FaDu,PR,N150a029,N150,a,29,,8.0002,,,,,,XRAY;PHOTON,PHOTON BEAM RADIATION THERAPY,RADIATION THERAPY,,Y,Y,,1.8,,Gy,,5 TIMES PER WEEK,,,LEG,RIGHT,HIND,ENTIRE,,,,,2012-01-03,2012-01-03,28,28,1,,,,,,,,,
Xeno Nimo Hypox;FaDu,PR,N150a029,N150,a,29,,8.0003,,,,,,XRAY;PHOTON,PHOTON BEAM RADIATION THERAPY,RADIATION THERAPY,,Y,Y,,1.8,,Gy,,5 TIMES PER WEEK,,,LEG,RIGHT,HIND,ENTIRE,,,,,2012-01-04,2012-01-04,29,29,1,,,,,,,,,
Xeno Nimo Hypox;FaDu,PR,N150a029,N150,a,29,,8.0004,,,,,,XRAY;PHOTON,PHOTON BEAM RADIATION THERAPY,RADIATION THERAPY,,Y,Y,,1.8,,Gy,,5 TIMES PER WEEK,,,LEG,RIGHT,HIND,ENTIRE,,,,,2012-01-05,2012-01-05,30,30,1,,,,,,,,,
Xeno Nimo Hypox;FaDu,PR,N150a029,N150,a,29,,8.0005,,,,,,XRAY;PHOTON,PHOTON BEAM RADIATION THERAPY,RADIATION THERAPY,,Y,Y,,1.8,,Gy,,5 TIMES PER WEEK,,,LEG,RIGHT,HIND,ENTIRE,,,,,2012-01-06,2012-01-06,31,31,1,,,,,,,,,
Xeno Nimo Hypox;FaDu,PR,N150a029,N150,a,29,,8.0006,,,,,,XRAY;PHOTON,PHOTON BEAM RADIATION THERAPY,RADIATION THERAPY,,Y,Y,,1.8,,Gy,,5 TIMES PER WEEK,,,LEG,RIGHT,HIND,ENTIRE,,,,,2012-01-09,2012-01-09,34,34,1,,,,,,,,,
Xeno Nimo Hypox;FaDu,PR,N150a029,N150,a,29,,8.0007,,,,,,XRAY;PHOTON,PHOTON BEAM RADIATION THERAPY,RADIATION THERAPY,,Y,Y,,1.8,,Gy,,5 TIMES PER WEEK,,,LEG,RIGHT,HIND,ENTIRE,,,,,2012-01-10,2012-01-10,35,35,1,,,,,,,,,
Xeno Nimo Hypox;FaDu,PR,N150a029,N150,a,29,,8.0008,,,,,,XRAY;PHOTON,PHOTON BEAM RADIATION THERAPY,RADIATION THERAPY,,Y,Y,,1.8,,Gy,,5 TIMES PER WEEK,,,LEG,RIGHT,HIND,ENTIRE,,,,,2012-01-11,2012-01-11,36,36,1,,,,,,,,,
Xeno Nimo Hypox;FaDu,PR,N150a029,N150,a,29,,8.0009,,,,,,XRAY;PHOTON,PHOTON BEAM RADIATION THERAPY,RADIATION THERAPY,,Y,Y,,1.8,,Gy,,5 TIMES PER WEEK,,,LEG,RIGHT,HIND,ENTIRE,,,,,2012-01-12,2012-01-12,37,37,1,,,,,,,,,
Xeno Nimo Hypox;FaDu,PR,N150a029,N150,a,29,,8.001,,,,,,XRAY;PHOTON,PHOTON BEAM RADIATION THERAPY,RADIATION THERAPY,,Y,Y,,1.8,,Gy,,5 TIMES PER WEEK,,,LEG,RIGHT,HIND,ENTIRE,,,,,2012-01-13,2012-01-13,38,38,1,,,,,,,,,
Xeno Nimo Hypox;FaDu,PR,N150a029,N150,a,29,,8.0011,,,,,,XRAY;PHOTON,PHOTON BEAM RADIATION THERAPY,RADIATION THERAPY,,Y,Y,,1.8,,Gy,,5 TIMES PER WEEK,,,LEG,RIGHT,HIND,ENTIRE,,,,,2012-01-16,2012-01-16,41,41,1,,,,,,,,,
Xeno Nimo Hypox;FaDu,PR,N150a029,N150,a,29,,8.0012,,,,,,XRAY;PHOTON,PHOTON BEAM RADIATION THERAPY,RADIATION THERAPY,,Y,Y,,1.8,,Gy,,5 TIMES PER WEEK,,,LEG,RIGHT,HIND,ENTIRE,,,,,2012-01-17,2012-01-17,42,42,1,,,,,,,,,
Xeno Nimo Hypox;FaDu,PR,N150a029,N150,a,29,,8.0013,,,,,,XRAY;PHOTON,PHOTON BEAM RADIATION THERAPY,RADIATION THERAPY,,Y,Y,,1.8,,Gy,,5 TIMES PER WEEK,,,LEG,RIGHT,HIND,ENTIRE,,,,,2012-01-18,2012-01-18,43,43,1,,,,,,,,,
Xeno Nimo Hypox;FaDu,PR,N150a029,N150,a,29,,8.0014,,,,,,XRAY;PHOTON,PHOTON BEAM RADIATION THERAPY,RADIATION THERAPY,,Y,Y,,1.8,,Gy,,5 TIMES PER WEEK,,,LEG,RIGHT,HIND,ENTIRE,,,,,2012-01-19,2012-01-19,44,44,1,,,,,,,,,
Xeno Nimo Hypox;FaDu,PR,N150a029,N150,a,29,,8.0015,,,,,,XRAY;PHOTON,PHOTON BEAM RADIATION THERAPY,RADIATION THERAPY,,Y,Y,,1.8,,Gy,,5 TIMES PER WEEK,,,LEG,RIGHT,HIND,ENTIRE,,,,,2012-01-20,2012-01-20,45,45,1,,,,,,,,,
Xeno Nimo Hypox;FaDu,PR,N150a029,N150,a,29,,8.0016,,,,,,XRAY;PHOTON,PHOTON BEAM RADIATION THERAPY,RADIATION THERAPY,,Y,Y,,1.8,,Gy,,5 TIMES PER WEEK,,,LEG,RIGHT,HIND,ENTIRE,,,,,2012-01-23,2012-01-23,48,48,1,,,,,,,,,
Xeno Nimo Hypox;FaDu,PR,N150a029,N150,a,29,,8.0017,,,,,,XRAY;PHOTON,PHOTON BEAM RADIATION THERAPY,RADIATION THERAPY,,Y,Y,,1.8,,Gy,,5 TIMES PER WEEK,,,LEG,RIGHT,HIND,ENTIRE,,,,,2012-01-24,2012-01-24,49,49,1,,,,,,,,,
Xeno Nimo Hypox;FaDu,PR,N150a029,N150,a,29,,8.0018,,,,,,XRAY;PHOTON,PHOTON BEAM RADIATION THERAPY,RADIATION THERAPY,,Y,Y,,1.8,,Gy,,5 TIMES PER WEEK,,,LEG,RIGHT,HIND,ENTIRE,,,,,2012-01-25,2012-01-25,50,50,1,,,,,,,,,
Xeno Nimo Hypox;FaDu,PR,N150a029,N150,a,29,,8.0019,,,,,,XRAY;PHOTON,PHOTON BEAM RADIATION THERAPY,RADIATION THERAPY,,Y,Y,,1.8,,Gy,,5 TIMES PER WEEK,,,LEG,RIGHT,HIND,ENTIRE,,,,,2012-01-26,2012-01-26,51,51,1,,,,,,,,,
Xeno Nimo Hypox;FaDu,PR,N150a029,N150,a,29,,8.002,,,,,,XRAY;PHOTON,PHOTON BEAM RADIATION THERAPY,RADIATION THERAPY,,Y,Y,,1.8,,Gy,,5 TIMES PER WEEK,,,LEG,RIGHT,HIND,ENTIRE,,,,,2012-01-27,2012-01-27,52,52,1,,,,,,,,,
Xeno Nimo Hypox;FaDu,PR,N150a029,N150,a,29,,8.0021,,,,,,XRAY;PHOTON,PHOTON BEAM RADIATION THERAPY,RADIATION THERAPY,,Y,Y,,1.8,,Gy,,5 TIMES PER WEEK,,,LEG,RIGHT,HIND,ENTIRE,,,,,2012-01-30,2012-01-30,55,55,1,,,,,,,,,
Xeno Nimo Hypox;FaDu,PR,N150a029,N150,a,29,,8.0022,,,,,,XRAY;PHOTON,PHOTON BEAM RADIATION THERAPY,RADIATION THERAPY,,Y,Y,,1.8,,Gy,,5 TIMES PER WEEK,,,LEG,RIGHT,HIND,ENTIRE,,,,,2012-01-31,2012-01-31,56,56,1,,,,,,,,,
Xeno Nimo Hypox;FaDu,PR,N150a029,N150,a,29,,8.0023,,,,,,XRAY;PHOTON,PHOTON BEAM RADIATION THERAPY,RADIATION THERAPY,,Y,Y,,1.8,,Gy,,5 TIMES PER WEEK,,,LEG,RIGHT,HIND,ENTIRE,,,,,2012-02-01,2012-02-01,57,57,1,,,,,,,,,
Xeno Nimo Hypox;FaDu,PR,N150a029,N150,a,29,,8.0024,,,,,,XRAY;PHOTON,PHOTON BEAM RADIATION THERAPY,RADIATION THERAPY,,Y,Y,,1.8,,Gy,,5 TIMES PER WEEK,,,LEG,RIGHT,HIND,ENTIRE,,,,,2012-02-02,2012-02-02,58,58,1,,,,,,,,,
Xeno Nimo Hypox;FaDu,PR,N150a029,N150,a,29,,8.0025,,,,,,XRAY;PHOTON,PHOTON BEAM RADIATION THERAPY,RADIATION THERAPY,,Y,Y,,1.8,,Gy,,5 TIMES PER WEEK,,,LEG,RIGHT,HIND,ENTIRE,,,,,2012-02-03,2012-02-03,59,59,1,,,,,,,,,
Xeno Nimo Hypox;FaDu,PR,N150a029,N150,a,29,,8.0026,,,,,,XRAY;PHOTON,PHOTON BEAM RADIATION THERAPY,RADIATION THERAPY,,Y,Y,,1.8,,Gy,,5 TIMES PER WEEK,,,LEG,RIGHT,HIND,ENTIRE,,,,,2012-02-06,2012-02-06,62,62,1,,,,,,,,,
Xeno Nimo Hypox;FaDu,PR,N150a029,N150,a,29,,8.0027,,,,,,XRAY;PHOTON,PHOTON BEAM RADIATION THERAPY,RADIATION THERAPY,,Y,Y,,1.8,,Gy,,5 TIMES PER WEEK,,,LEG,RIGHT,HIND,ENTIRE,,,,,2012-02-07,2012-02-07,63,63,1,,,,,,,,,
Xeno Nimo Hypox;FaDu,PR,N150a029,N150,a,29,,8.0028,,,,,,XRAY;PHOTON,PHOTON BEAM RADIATION THERAPY,RADIATION THERAPY,,Y,Y,,1.8,,Gy,,5 TIMES PER WEEK,,,LEG,RIGHT,HIND,ENTIRE,,,,,2012-02-08,2012-02-08,64,64,1,,,,,,,,,
Xeno Nimo Hypox;FaDu,PR,N150a029,N150,a,29,,8.0029,,,,,,XRAY;PHOTON,PHOTON BEAM RADIATION THERAPY,RADIATION THERAPY,,Y,Y,,1.8,,Gy,,5 TIMES PER WEEK,,,LEG,RIGHT,HIND,ENTIRE,,,,,2012-02-09,2012-02-09,65,65,1,,,,,,,,,
Xeno Nimo Hypox;FaDu,PR,N150a029,N150,a,29,,8.003,,,,,,XRAY;PHOTON,PHOTON BEAM RADIATION THERAPY,RADIATION THERAPY,,Y,Y,,1.8,,Gy,,5 TIMES PER WEEK,,,LEG,RIGHT,HIND,ENTIRE,,,,,2012-02-10,2012-02-10,66,66,1,,,,,,,,,
Xeno Nimo Hypox;FaDu,PR,N150a030,N150,a,30,,8.0,,,,,,XRAY;PHOTON,TOTAL BODY IRRADIATION,TBI; Whole Body Irradiation,,Y,Y,,4.0,,Gy,,ONCE,,,BODY,BILATERAL,,ENTIRE,,,,,2011-12-02,2011-12-02,-4,-4,1,,,,,,,,,
Xeno Nimo Hypox;FaDu,PR,N150a030,N150,a,30,,8.0001,,,,,,XRAY;PHOTON,PHOTON BEAM RADIATION THERAPY,RADIATION THERAPY,,Y,Y,,1.8,,Gy,,5 TIMES PER WEEK,,,LEG,RIGHT,HIND,ENTIRE,,,,,2011-12-22,2011-12-22,16,16,1,,,,,,,,,
Xeno Nimo Hypox;FaDu,PR,N150a030,N150,a,30,,8.0002,,,,,,XRAY;PHOTON,PHOTON BEAM RADIATION THERAPY,RADIATION THERAPY,,Y,Y,,1.8,,Gy,,5 TIMES PER WEEK,,,LEG,RIGHT,HIND,ENTIRE,,,,,2011-12-23,2011-12-23,17,17,1,,,,,,,,,
Xeno Nimo Hypox;FaDu,PR,N150a030,N150,a,30,,8.0003,,,,,,XRAY;PHOTON,PHOTON BEAM RADIATION THERAPY,RADIATION THERAPY,,Y,Y,,1.8,,Gy,,5 TIMES PER WEEK,,,LEG,RIGHT,HIND,ENTIRE,,,,,2011-12-26,2011-12-26,20,20,1,,,,,,,,,
Xeno Nimo Hypox;FaDu,PR,N150a030,N150,a,30,,8.0004,,,,,,XRAY;PHOTON,PHOTON BEAM RADIATION THERAPY,RADIATION THERAPY,,Y,Y,,1.8,,Gy,,5 TIMES PER WEEK,,,LEG,RIGHT,HIND,ENTIRE,,,,,2011-12-27,2011-12-27,21,21,1,,,,,,,,,
Xeno Nimo Hypox;FaDu,PR,N150a030,N150,a,30,,8.0005,,,,,,XRAY;PHOTON,PHOTON BEAM RADIATION THERAPY,RADIATION THERAPY,,Y,Y,,1.8,,Gy,,5 TIMES PER WEEK,,,LEG,RIGHT,HIND,ENTIRE,,,,,2011-12-28,2011-12-28,22,22,1,,,,,,,,,
Xeno Nimo Hypox;FaDu,PR,N150a030,N150,a,30,,8.0006,,,,,,XRAY;PHOTON,PHOTON BEAM RADIATION THERAPY,RADIATION THERAPY,,Y,Y,,1.8,,Gy,,5 TIMES PER WEEK,,,LEG,RIGHT,HIND,ENTIRE,,,,,2011-12-29,2011-12-29,23,23,1,,,,,,,,,
Xeno Nimo Hypox;FaDu,PR,N150a030,N150,a,30,,8.0007,,,,,,XRAY;PHOTON,PHOTON BEAM RADIATION THERAPY,RADIATION THERAPY,,Y,Y,,1.8,,Gy,,5 TIMES PER WEEK,,,LEG,RIGHT,HIND,ENTIRE,,,,,2011-12-30,2011-12-30,24,24,1,,,,,,,,,
Xeno Nimo Hypox;FaDu,PR,N150a030,N150,a,30,,8.0008,,,,,,XRAY;PHOTON,PHOTON BEAM RADIATION THERAPY,RADIATION THERAPY,,Y,Y,,1.8,,Gy,,5 TIMES PER WEEK,,,LEG,RIGHT,HIND,ENTIRE,,,,,2012-01-02,2012-01-02,27,27,1,,,,,,,,,
Xeno Nimo Hypox;FaDu,PR,N150a030,N150,a,30,,8.0009,,,,,,XRAY;PHOTON,PHOTON BEAM RADIATION THERAPY,RADIATION THERAPY,,Y,Y,,1.8,,Gy,,5 TIMES PER WEEK,,,LEG,RIGHT,HIND,ENTIRE,,,,,2012-01-03,2012-01-03,28,28,1,,,,,,,,,
Xeno Nimo Hypox;FaDu,PR,N150a030,N150,a,30,,8.001,,,,,,XRAY;PHOTON,PHOTON BEAM RADIATION THERAPY,RADIATION THERAPY,,Y,Y,,1.8,,Gy,,5 TIMES PER WEEK,,,LEG,RIGHT,HIND,ENTIRE,,,,,2012-01-04,2012-01-04,29,29,1,,,,,,,,,
Xeno Nimo Hypox;FaDu,PR,N150a030,N150,a,30,,8.0011,,,,,,XRAY;PHOTON,PHOTON BEAM RADIATION THERAPY,RADIATION THERAPY,,Y,Y,,1.8,,Gy,,5 TIMES PER WEEK,,,LEG,RIGHT,HIND,ENTIRE,,,,,2012-01-05,2012-01-05,30,30,1,,,,,,,,,
Xeno Nimo Hypox;FaDu,PR,N150a030,N150,a,30,,8.0012,,,,,,XRAY;PHOTON,PHOTON BEAM RADIATION THERAPY,RADIATION THERAPY,,Y,Y,,1.8,,Gy,,5 TIMES PER WEEK,,,LEG,RIGHT,HIND,ENTIRE,,,,,2012-01-06,2012-01-06,31,31,1,,,,,,,,,
Xeno Nimo Hypox;FaDu,PR,N150a030,N150,a,30,,8.0013,,,,,,XRAY;PHOTON,PHOTON BEAM RADIATION THERAPY,RADIATION THERAPY,,Y,Y,,1.8,,Gy,,5 TIMES PER WEEK,,,LEG,RIGHT,HIND,ENTIRE,,,,,2012-01-09,2012-01-09,34,34,1,,,,,,,,,
Xeno Nimo Hypox;FaDu,PR,N150a030,N150,a,30,,8.0014,,,,,,XRAY;PHOTON,PHOTON BEAM RADIATION THERAPY,RADIATION THERAPY,,Y,Y,,1.8,,Gy,,5 TIMES PER WEEK,,,LEG,RIGHT,HIND,ENTIRE,,,,,2012-01-10,2012-01-10,35,35,1,,,,,,,,,
Xeno Nimo Hypox;FaDu,PR,N150a030,N150,a,30,,8.0015,,,,,,XRAY;PHOTON,PHOTON BEAM RADIATION THERAPY,RADIATION THERAPY,,Y,Y,,1.8,,Gy,,5 TIMES PER WEEK,,,LEG,RIGHT,HIND,ENTIRE,,,,,2012-01-11,2012-01-11,36,36,1,,,,,,,,,
Xeno Nimo Hypox;FaDu,PR,N150a030,N150,a,30,,8.0016,,,,,,XRAY;PHOTON,PHOTON BEAM RADIATION THERAPY,RADIATION THERAPY,,Y,Y,,1.8,,Gy,,5 TIMES PER WEEK,,,LEG,RIGHT,HIND,ENTIRE,,,,,2012-01-12,2012-01-12,37,37,1,,,,,,,,,
Xeno Nimo Hypox;FaDu,PR,N150a030,N150,a,30,,8.0017,,,,,,XRAY;PHOTON,PHOTON BEAM RADIATION THERAPY,RADIATION THERAPY,,Y,Y,,1.8,,Gy,,5 TIMES PER WEEK,,,LEG,RIGHT,HIND,ENTIRE,,,,,2012-01-13,2012-01-13,38,38,1,,,,,,,,,
Xeno Nimo Hypox;FaDu,PR,N150a030,N150,a,30,,8.0018,,,,,,XRAY;PHOTON,PHOTON BEAM RADIATION THERAPY,RADIATION THERAPY,,Y,Y,,1.8,,Gy,,5 TIMES PER WEEK,,,LEG,RIGHT,HIND,ENTIRE,,,,,2012-01-16,2012-01-16,41,41,1,,,,,,,,,
Xeno Nimo Hypox;FaDu,PR,N150a030,N150,a,30,,8.0019,,,,,,XRAY;PHOTON,PHOTON BEAM RADIATION THERAPY,RADIATION THERAPY,,Y,Y,,1.8,,Gy,,5 TIMES PER WEEK,,,LEG,RIGHT,HIND,ENTIRE,,,,,2012-01-17,2012-01-17,42,42,1,,,,,,,,,
Xeno Nimo Hypox;FaDu,PR,N150a030,N150,a,30,,8.002,,,,,,XRAY;PHOTON,PHOTON BEAM RADIATION THERAPY,RADIATION THERAPY,,Y,Y,,1.8,,Gy,,5 TIMES PER WEEK,,,LEG,RIGHT,HIND,ENTIRE,,,,,2012-01-18,2012-01-18,43,43,1,,,,,,,,,
Xeno Nimo Hypox;FaDu,PR,N150a030,N150,a,30,,8.0021,,,,,,XRAY;PHOTON,PHOTON BEAM RADIATION THERAPY,RADIATION THERAPY,,Y,Y,,1.8,,Gy,,5 TIMES PER WEEK,,,LEG,RIGHT,HIND,ENTIRE,,,,,2012-01-19,2012-01-19,44,44,1,,,,,,,,,
Xeno Nimo Hypox;FaDu,PR,N150a030,N150,a,30,,8.0022,,,,,,XRAY;PHOTON,PHOTON BEAM RADIATION THERAPY,RADIATION THERAPY,,Y,Y,,1.8,,Gy,,5 TIMES PER WEEK,,,LEG,RIGHT,HIND,ENTIRE,,,,,2012-01-20,2012-01-20,45,45,1,,,,,,,,,
Xeno Nimo Hypox;FaDu,PR,N150a030,N150,a,30,,8.0023,,,,,,XRAY;PHOTON,PHOTON BEAM RADIATION THERAPY,RADIATION THERAPY,,Y,Y,,1.8,,Gy,,5 TIMES PER WEEK,,,LEG,RIGHT,HIND,ENTIRE,,,,,2012-01-23,2012-01-23,48,48,1,,,,,,,,,
Xeno Nimo Hypox;FaDu,PR,N150a030,N150,a,30,,8.0024,,,,,,XRAY;PHOTON,PHOTON BEAM RADIATION THERAPY,RADIATION THERAPY,,Y,Y,,1.8,,Gy,,5 TIMES PER WEEK,,,LEG,RIGHT,HIND,ENTIRE,,,,,2012-01-24,2012-01-24,49,49,1,,,,,,,,,
Xeno Nimo Hypox;FaDu,PR,N150a030,N150,a,30,,8.0025,,,,,,XRAY;PHOTON,PHOTON BEAM RADIATION THERAPY,RADIATION THERAPY,,Y,Y,,1.8,,Gy,,5 TIMES PER WEEK,,,LEG,RIGHT,HIND,ENTIRE,,,,,2012-01-25,2012-01-25,50,50,1,,,,,,,,,
Xeno Nimo Hypox;FaDu,PR,N150a030,N150,a,30,,8.0026,,,,,,XRAY;PHOTON,PHOTON BEAM RADIATION THERAPY,RADIATION THERAPY,,Y,Y,,1.8,,Gy,,5 TIMES PER WEEK,,,LEG,RIGHT,HIND,ENTIRE,,,,,2012-01-26,2012-01-26,51,51,1,,,,,,,,,
Xeno Nimo Hypox;FaDu,PR,N150a030,N150,a,30,,8.0027,,,,,,XRAY;PHOTON,PHOTON BEAM RADIATION THERAPY,RADIATION THERAPY,,Y,Y,,1.8,,Gy,,5 TIMES PER WEEK,,,LEG,RIGHT,HIND,ENTIRE,,,,,2012-01-27,2012-01-27,52,52,1,,,,,,,,,
Xeno Nimo Hypox;FaDu,PR,N150a030,N150,a,30,,8.0028,,,,,,XRAY;PHOTON,PHOTON BEAM RADIATION THERAPY,RADIATION THERAPY,,Y,Y,,1.8,,Gy,,5 TIMES PER WEEK,,,LEG,RIGHT,HIND,ENTIRE,,,,,2012-01-30,2012-01-30,55,55,1,,,,,,,,,
Xeno Nimo Hypox;FaDu,PR,N150a030,N150,a,30,,8.0029,,,,,,XRAY;PHOTON,PHOTON BEAM RADIATION THERAPY,RADIATION THERAPY,,Y,Y,,1.8,,Gy,,5 TIMES PER WEEK,,,LEG,RIGHT,HIND,ENTIRE,,,,,2012-01-31,2012-01-31,56,56,1,,,,,,,,,
Xeno Nimo Hypox;FaDu,PR,N150a030,N150,a,30,,8.003,,,,,,XRAY;PHOTON,PHOTON BEAM RADIATION THERAPY,RADIATION THERAPY,,Y,Y,,1.8,,Gy,,5 TIMES PER WEEK,,,LEG,RIGHT,HIND,ENTIRE,,,,,2012-02-01,2012-02-01,57,57,1,,,,,,,,,
Xeno Nimo Hypox;FaDu,PR,N150b053,N150,b,53,,8.0,,,,,,XRAY;PHOTON,TOTAL BODY IRRADIATION,TBI; Whole Body Irradiation,,Y,Y,,4.0,,Gy,,ONCE,,,BODY,BILATERAL,,ENTIRE,,,,,2012-01-27,2012-01-27,-4,-4,1,,,,,,,,,
Xeno Nimo Hypox;FaDu,PR,N150b053,N150,b,53,,8.0001,,,,,,XRAY;PHOTON,PHOTON BEAM RADIATION THERAPY,RADIATION THERAPY,,Y,Y,,1.8,,Gy,,5 TIMES PER WEEK,,,LEG,RIGHT,HIND,ENTIRE,,,,,2012-02-27,2012-02-27,27,27,1,,,,,,,,,
Xeno Nimo Hypox;FaDu,PR,N150b053,N150,b,53,,8.0002,,,,,,XRAY;PHOTON,PHOTON BEAM RADIATION THERAPY,RADIATION THERAPY,,Y,Y,,1.8,,Gy,,5 TIMES PER WEEK,,,LEG,RIGHT,HIND,ENTIRE,,,,,2012-02-28,2012-02-28,28,28,1,,,,,,,,,
Xeno Nimo Hypox;FaDu,PR,N150b053,N150,b,53,,8.0003,,,,,,XRAY;PHOTON,PHOTON BEAM RADIATION THERAPY,RADIATION THERAPY,,Y,Y,,1.8,,Gy,,5 TIMES PER WEEK,,,LEG,RIGHT,HIND,ENTIRE,,,,,2012-02-29,2012-02-29,29,29,1,,,,,,,,,
Xeno Nimo Hypox;FaDu,PR,N150b053,N150,b,53,,8.0004,,,,,,XRAY;PHOTON,PHOTON BEAM RADIATION THERAPY,RADIATION THERAPY,,Y,Y,,1.8,,Gy,,5 TIMES PER WEEK,,,LEG,RIGHT,HIND,ENTIRE,,,,,2012-03-01,2012-03-01,30,30,1,,,,,,,,,
Xeno Nimo Hypox;FaDu,PR,N150b053,N150,b,53,,8.0005,,,,,,XRAY;PHOTON,PHOTON BEAM RADIATION THERAPY,RADIATION THERAPY,,Y,Y,,1.8,,Gy,,5 TIMES PER WEEK,,,LEG,RIGHT,HIND,ENTIRE,,,,,2012-03-02,2012-03-02,31,31,1,,,,,,,,,
Xeno Nimo Hypox;FaDu,PR,N150b053,N150,b,53,,8.0006,,,,,,XRAY;PHOTON,PHOTON BEAM RADIATION THERAPY,RADIATION THERAPY,,Y,Y,,1.8,,Gy,,5 TIMES PER WEEK,,,LEG,RIGHT,HIND,ENTIRE,,,,,2012-03-05,2012-03-05,34,34,1,,,,,,,,,
Xeno Nimo Hypox;FaDu,PR,N150b053,N150,b,53,,8.0007,,,,,,XRAY;PHOTON,PHOTON BEAM RADIATION THERAPY,RADIATION THERAPY,,Y,Y,,1.8,,Gy,,5 TIMES PER WEEK,,,LEG,RIGHT,HIND,ENTIRE,,,,,2012-03-06,2012-03-06,35,35,1,,,,,,,,,
Xeno Nimo Hypox;FaDu,PR,N150b053,N150,b,53,,8.0008,,,,,,XRAY;PHOTON,PHOTON BEAM RADIATION THERAPY,RADIATION THERAPY,,Y,Y,,1.8,,Gy,,5 TIMES PER WEEK,,,LEG,RIGHT,HIND,ENTIRE,,,,,2012-03-07,2012-03-07,36,36,1,,,,,,,,,
Xeno Nimo Hypox;FaDu,PR,N150b053,N150,b,53,,8.0009,,,,,,XRAY;PHOTON,PHOTON BEAM RADIATION THERAPY,RADIATION THERAPY,,Y,Y,,1.8,,Gy,,5 TIMES PER WEEK,,,LEG,RIGHT,HIND,ENTIRE,,,,,2012-03-08,2012-03-08,37,37,1,,,,,,,,,
Xeno Nimo Hypox;FaDu,PR,N150b053,N150,b,53,,8.001,,,,,,XRAY;PHOTON,PHOTON BEAM RADIATION THERAPY,RADIATION THERAPY,,Y,Y,,1.8,,Gy,,5 TIMES PER WEEK,,,LEG,RIGHT,HIND,ENTIRE,,,,,2012-03-09,2012-03-09,38,38,1,,,,,,,,,
Xeno Nimo Hypox;FaDu,PR,N150b053,N150,b,53,,8.0011,,,,,,XRAY;PHOTON,PHOTON BEAM RADIATION THERAPY,RADIATION THERAPY,,Y,Y,,1.8,,Gy,,5 TIMES PER WEEK,,,LEG,RIGHT,HIND,ENTIRE,,,,,2012-03-12,2012-03-12,41,41,1,,,,,,,,,
Xeno Nimo Hypox;FaDu,PR,N150b053,N150,b,53,,8.0012,,,,,,XRAY;PHOTON,PHOTON BEAM RADIATION THERAPY,RADIATION THERAPY,,Y,Y,,1.8,,Gy,,5 TIMES PER WEEK,,,LEG,RIGHT,HIND,ENTIRE,,,,,2012-03-13,2012-03-13,42,42,1,,,,,,,,,
Xeno Nimo Hypox;FaDu,PR,N150b053,N150,b,53,,8.0013,,,,,,XRAY;PHOTON,PHOTON BEAM RADIATION THERAPY,RADIATION THERAPY,,Y,Y,,1.8,,Gy,,5 TIMES PER WEEK,,,LEG,RIGHT,HIND,ENTIRE,,,,,2012-03-14,2012-03-14,43,43,1,,,,,,,,,
Xeno Nimo Hypox;FaDu,PR,N150b053,N150,b,53,,8.0014,,,,,,XRAY;PHOTON,PHOTON BEAM RADIATION THERAPY,RADIATION THERAPY,,Y,Y,,1.8,,Gy,,5 TIMES PER WEEK,,,LEG,RIGHT,HIND,ENTIRE,,,,,2012-03-15,2012-03-15,44,44,1,,,,,,,,,
Xeno Nimo Hypox;FaDu,PR,N150b053,N150,b,53,,8.0015,,,,,,XRAY;PHOTON,PHOTON BEAM RADIATION THERAPY,RADIATION THERAPY,,Y,Y,,1.8,,Gy,,5 TIMES PER WEEK,,,LEG,RIGHT,HIND,ENTIRE,,,,,2012-03-16,2012-03-16,45,45,1,,,,,,,,,
Xeno Nimo Hypox;FaDu,PR,N150b053,N150,b,53,,8.0016,,,,,,XRAY;PHOTON,PHOTON BEAM RADIATION THERAPY,RADIATION THERAPY,,Y,Y,,1.8,,Gy,,5 TIMES PER WEEK,,,LEG,RIGHT,HIND,ENTIRE,,,,,2012-03-19,2012-03-19,48,48,1,,,,,,,,,
Xeno Nimo Hypox;FaDu,PR,N150b053,N150,b,53,,8.0017,,,,,,XRAY;PHOTON,PHOTON BEAM RADIATION THERAPY,RADIATION THERAPY,,Y,Y,,1.8,,Gy,,5 TIMES PER WEEK,,,LEG,RIGHT,HIND,ENTIRE,,,,,2012-03-20,2012-03-20,49,49,1,,,,,,,,,
Xeno Nimo Hypox;FaDu,PR,N150b053,N150,b,53,,8.0018,,,,,,XRAY;PHOTON,PHOTON BEAM RADIATION THERAPY,RADIATION THERAPY,,Y,Y,,1.8,,Gy,,5 TIMES PER WEEK,,,LEG,RIGHT,HIND,ENTIRE,,,,,2012-03-21,2012-03-21,50,50,1,,,,,,,,,
Xeno Nimo Hypox;FaDu,PR,N150b053,N150,b,53,,8.0019,,,,,,XRAY;PHOTON,PHOTON BEAM RADIATION THERAPY,RADIATION THERAPY,,Y,Y,,1.8,,Gy,,5 TIMES PER WEEK,,,LEG,RIGHT,HIND,ENTIRE,,,,,2012-03-22,2012-03-22,51,51,1,,,,,,,,,
Xeno Nimo Hypox;FaDu,PR,N150b053,N150,b,53,,8.002,,,,,,XRAY;PHOTON,PHOTON BEAM RADIATION THERAPY,RADIATION THERAPY,,Y,Y,,1.8,,Gy,,5 TIMES PER WEEK,,,LEG,RIGHT,HIND,ENTIRE,,,,,2012-03-23,2012-03-23,52,52,1,,,,,,,,,
Xeno Nimo Hypox;FaDu,PR,N150b053,N150,b,53,,8.0021,,,,,,XRAY;PHOTON,PHOTON BEAM RADIATION THERAPY,RADIATION THERAPY,,Y,Y,,1.8,,Gy,,5 TIMES PER WEEK,,,LEG,RIGHT,HIND,ENTIRE,,,,,2012-03-26,2012-03-26,55,55,1,,,,,,,,,
Xeno Nimo Hypox;FaDu,PR,N150b053,N150,b,53,,8.0022,,,,,,XRAY;PHOTON,PHOTON BEAM RADIATION THERAPY,RADIATION THERAPY,,Y,Y,,1.8,,Gy,,5 TIMES PER WEEK,,,LEG,RIGHT,HIND,ENTIRE,,,,,2012-03-27,2012-03-27,56,56,1,,,,,,,,,
Xeno Nimo Hypox;FaDu,PR,N150b053,N150,b,53,,8.0023,,,,,,XRAY;PHOTON,PHOTON BEAM RADIATION THERAPY,RADIATION THERAPY,,Y,Y,,1.8,,Gy,,5 TIMES PER WEEK,,,LEG,RIGHT,HIND,ENTIRE,,,,,2012-03-28,2012-03-28,57,57,1,,,,,,,,,
Xeno Nimo Hypox;FaDu,PR,N150b053,N150,b,53,,8.0024,,,,,,XRAY;PHOTON,PHOTON BEAM RADIATION THERAPY,RADIATION THERAPY,,Y,Y,,1.8,,Gy,,5 TIMES PER WEEK,,,LEG,RIGHT,HIND,ENTIRE,,,,,2012-03-29,2012-03-29,58,58,1,,,,,,,,,
Xeno Nimo Hypox;FaDu,PR,N150b053,N150,b,53,,8.0025,,,,,,XRAY;PHOTON,PHOTON BEAM RADIATION THERAPY,RADIATION THERAPY,,Y,Y,,1.8,,Gy,,5 TIMES PER WEEK,,,LEG,RIGHT,HIND,ENTIRE,,,,,2012-03-30,2012-03-30,59,59,1,,,,,,,,,
Xeno Nimo Hypox;FaDu,PR,N150b053,N150,b,53,,8.0026,,,,,,XRAY;PHOTON,PHOTON BEAM RADIATION THERAPY,RADIATION THERAPY,,Y,Y,,1.8,,Gy,,5 TIMES PER WEEK,,,LEG,RIGHT,HIND,ENTIRE,,,,,2012-04-02,2012-04-02,62,62,1,,,,,,,,,
Xeno Nimo Hypox;FaDu,PR,N150b053,N150,b,53,,8.0027,,,,,,XRAY;PHOTON,PHOTON BEAM RADIATION THERAPY,RADIATION THERAPY,,Y,Y,,1.8,,Gy,,5 TIMES PER WEEK,,,LEG,RIGHT,HIND,ENTIRE,,,,,2012-04-03,2012-04-03,63,63,1,,,,,,,,,
Xeno Nimo Hypox;FaDu,PR,N150b053,N150,b,53,,8.0028,,,,,,XRAY;PHOTON,PHOTON BEAM RADIATION THERAPY,RADIATION THERAPY,,Y,Y,,1.8,,Gy,,5 TIMES PER WEEK,,,LEG,RIGHT,HIND,ENTIRE,,,,,2012-04-04,2012-04-04,64,64,1,,,,,,,,,
Xeno Nimo Hypox;FaDu,PR,N150b053,N150,b,53,,8.0029,,,,,,XRAY;PHOTON,PHOTON BEAM RADIATION THERAPY,RADIATION THERAPY,,Y,Y,,1.8,,Gy,,5 TIMES PER WEEK,,,LEG,RIGHT,HIND,ENTIRE,,,,,2012-04-05,2012-04-05,65,65,1,,,,,,,,,
Xeno Nimo Hypox;FaDu,PR,N150b053,N150,b,53,,8.003,,,,,,XRAY;PHOTON,PHOTON BEAM RADIATION THERAPY,RADIATION THERAPY,,Y,Y,,1.8,,Gy,,5 TIMES PER WEEK,,,LEG,RIGHT,HIND,ENTIRE,,,,,2012-04-06,2012-04-06,66,66,1,,,,,,,,,
Xeno Nimo Hypox;FaDu,PR,N150b056,N150,b,56,,8.0,,,,,,XRAY;PHOTON,TOTAL BODY IRRADIATION,TBI; Whole Body Irradiation,,Y,Y,,4.0,,Gy,,ONCE,,,BODY,BILATERAL,,ENTIRE,,,,,2012-01-27,2012-01-27,-4,-4,1,,,,,,,,,
Xeno Nimo Hypox;FaDu,PR,N150b056,N150,b,56,,8.0001,,,,,,XRAY;PHOTON,PHOTON BEAM RADIATION THERAPY,RADIATION THERAPY,,Y,Y,,1.8,,Gy,,5 TIMES PER WEEK,,,LEG,RIGHT,HIND,ENTIRE,,,,,2012-03-01,2012-03-01,30,30,1,,,,,,,,,
Xeno Nimo Hypox;FaDu,PR,N150b056,N150,b,56,,8.0002,,,,,,XRAY;PHOTON,PHOTON BEAM RADIATION THERAPY,RADIATION THERAPY,,Y,Y,,1.8,,Gy,,5 TIMES PER WEEK,,,LEG,RIGHT,HIND,ENTIRE,,,,,2012-03-02,2012-03-02,31,31,1,,,,,,,,,
Xeno Nimo Hypox;FaDu,PR,N150b056,N150,b,56,,8.0003,,,,,,XRAY;PHOTON,PHOTON BEAM RADIATION THERAPY,RADIATION THERAPY,,Y,Y,,1.8,,Gy,,5 TIMES PER WEEK,,,LEG,RIGHT,HIND,ENTIRE,,,,,2012-03-05,2012-03-05,34,34,1,,,,,,,,,
Xeno Nimo Hypox;FaDu,PR,N150b056,N150,b,56,,8.0004,,,,,,XRAY;PHOTON,PHOTON BEAM RADIATION THERAPY,RADIATION THERAPY,,Y,Y,,1.8,,Gy,,5 TIMES PER WEEK,,,LEG,RIGHT,HIND,ENTIRE,,,,,2012-03-06,2012-03-06,35,35,1,,,,,,,,,
Xeno Nimo Hypox;FaDu,PR,N150b056,N150,b,56,,8.0005,,,,,,XRAY;PHOTON,PHOTON BEAM RADIATION THERAPY,RADIATION THERAPY,,Y,Y,,1.8,,Gy,,5 TIMES PER WEEK,,,LEG,RIGHT,HIND,ENTIRE,,,,,2012-03-07,2012-03-07,36,36,1,,,,,,,,,
Xeno Nimo Hypox;FaDu,PR,N150b056,N150,b,56,,8.0006,,,,,,XRAY;PHOTON,PHOTON BEAM RADIATION THERAPY,RADIATION THERAPY,,Y,Y,,1.8,,Gy,,5 TIMES PER WEEK,,,LEG,RIGHT,HIND,ENTIRE,,,,,2012-03-08,2012-03-08,37,37,1,,,,,,,,,
Xeno Nimo Hypox;FaDu,PR,N150b056,N150,b,56,,8.0007,,,,,,XRAY;PHOTON,PHOTON BEAM RADIATION THERAPY,RADIATION THERAPY,,Y,Y,,1.8,,Gy,,5 TIMES PER WEEK,,,LEG,RIGHT,HIND,ENTIRE,,,,,2012-03-09,2012-03-09,38,38,1,,,,,,,,,
Xeno Nimo Hypox;FaDu,PR,N150b056,N150,b,56,,8.0008,,,,,,XRAY;PHOTON,PHOTON BEAM RADIATION THERAPY,RADIATION THERAPY,,Y,Y,,1.8,,Gy,,5 TIMES PER WEEK,,,LEG,RIGHT,HIND,ENTIRE,,,,,2012-03-12,2012-03-12,41,41,1,,,,,,,,,
Xeno Nimo Hypox;FaDu,PR,N150b056,N150,b,56,,8.0009,,,,,,XRAY;PHOTON,PHOTON BEAM RADIATION THERAPY,RADIATION THERAPY,,Y,Y,,1.8,,Gy,,5 TIMES PER WEEK,,,LEG,RIGHT,HIND,ENTIRE,,,,,2012-03-13,2012-03-13,42,42,1,,,,,,,,,
Xeno Nimo Hypox;FaDu,PR,N150b056,N150,b,56,,8.001,,,,,,XRAY;PHOTON,PHOTON BEAM RADIATION THERAPY,RADIATION THERAPY,,Y,Y,,1.8,,Gy,,5 TIMES PER WEEK,,,LEG,RIGHT,HIND,ENTIRE,,,,,2012-03-14,2012-03-14,43,43,1,,,,,,,,,
Xeno Nimo Hypox;FaDu,PR,N150b056,N150,b,56,,8.0011,,,,,,XRAY;PHOTON,PHOTON BEAM RADIATION THERAPY,RADIATION THERAPY,,Y,Y,,1.8,,Gy,,5 TIMES PER WEEK,,,LEG,RIGHT,HIND,ENTIRE,,,,,2012-03-15,2012-03-15,44,44,1,,,,,,,,,
Xeno Nimo Hypox;FaDu,PR,N150b056,N150,b,56,,8.0012,,,,,,XRAY;PHOTON,PHOTON BEAM RADIATION THERAPY,RADIATION THERAPY,,Y,Y,,1.8,,Gy,,5 TIMES PER WEEK,,,LEG,RIGHT,HIND,ENTIRE,,,,,2012-03-16,2012-03-16,45,45,1,,,,,,,,,
Xeno Nimo Hypox;FaDu,PR,N150b056,N150,b,56,,8.0013,,,,,,XRAY;PHOTON,PHOTON BEAM RADIATION THERAPY,RADIATION THERAPY,,Y,Y,,1.8,,Gy,,5 TIMES PER WEEK,,,LEG,RIGHT,HIND,ENTIRE,,,,,2012-03-19,2012-03-19,48,48,1,,,,,,,,,
Xeno Nimo Hypox;FaDu,PR,N150b056,N150,b,56,,8.0014,,,,,,XRAY;PHOTON,PHOTON BEAM RADIATION THERAPY,RADIATION THERAPY,,Y,Y,,1.8,,Gy,,5 TIMES PER WEEK,,,LEG,RIGHT,HIND,ENTIRE,,,,,2012-03-20,2012-03-20,49,49,1,,,,,,,,,
Xeno Nimo Hypox;FaDu,PR,N150b056,N150,b,56,,8.0015,,,,,,XRAY;PHOTON,PHOTON BEAM RADIATION THERAPY,RADIATION THERAPY,,Y,Y,,1.8,,Gy,,5 TIMES PER WEEK,,,LEG,RIGHT,HIND,ENTIRE,,,,,2012-03-21,2012-03-21,50,50,1,,,,,,,,,
Xeno Nimo Hypox;FaDu,PR,N150b056,N150,b,56,,8.0016,,,,,,XRAY;PHOTON,PHOTON BEAM RADIATION THERAPY,RADIATION THERAPY,,Y,Y,,1.8,,Gy,,5 TIMES PER WEEK,,,LEG,RIGHT,HIND,ENTIRE,,,,,2012-03-22,2012-03-22,51,51,1,,,,,,,,,
Xeno Nimo Hypox;FaDu,PR,N150b056,N150,b,56,,8.0017,,,,,,XRAY;PHOTON,PHOTON BEAM RADIATION THERAPY,RADIATION THERAPY,,Y,Y,,1.8,,Gy,,5 TIMES PER WEEK,,,LEG,RIGHT,HIND,ENTIRE,,,,,2012-03-23,2012-03-23,52,52,1,,,,,,,,,
Xeno Nimo Hypox;FaDu,PR,N150b056,N150,b,56,,8.0018,,,,,,XRAY;PHOTON,PHOTON BEAM RADIATION THERAPY,RADIATION THERAPY,,Y,Y,,1.8,,Gy,,5 TIMES PER WEEK,,,LEG,RIGHT,HIND,ENTIRE,,,,,2012-03-26,2012-03-26,55,55,1,,,,,,,,,
Xeno Nimo Hypox;FaDu,PR,N150b056,N150,b,56,,8.0019,,,,,,XRAY;PHOTON,PHOTON BEAM RADIATION THERAPY,RADIATION THERAPY,,Y,Y,,1.8,,Gy,,5 TIMES PER WEEK,,,LEG,RIGHT,HIND,ENTIRE,,,,,2012-03-27,2012-03-27,56,56,1,,,,,,,,,
Xeno Nimo Hypox;FaDu,PR,N150b056,N150,b,56,,8.002,,,,,,XRAY;PHOTON,PHOTON BEAM RADIATION THERAPY,RADIATION THERAPY,,Y,Y,,1.8,,Gy,,5 TIMES PER WEEK,,,LEG,RIGHT,HIND,ENTIRE,,,,,2012-03-28,2012-03-28,57,57,1,,,,,,,,,
Xeno Nimo Hypox;FaDu,PR,N150b056,N150,b,56,,8.0021,,,,,,XRAY;PHOTON,PHOTON BEAM RADIATION THERAPY,RADIATION THERAPY,,Y,Y,,1.8,,Gy,,5 TIMES PER WEEK,,,LEG,RIGHT,HIND,ENTIRE,,,,,2012-03-29,2012-03-29,58,58,1,,,,,,,,,
Xeno Nimo Hypox;FaDu,PR,N150b056,N150,b,56,,8.0022,,,,,,XRAY;PHOTON,PHOTON BEAM RADIATION THERAPY,RADIATION THERAPY,,Y,Y,,1.8,,Gy,,5 TIMES PER WEEK,,,LEG,RIGHT,HIND,ENTIRE,,,,,2012-03-30,2012-03-30,59,59,1,,,,,,,,,
Xeno Nimo Hypox;FaDu,PR,N150b056,N150,b,56,,8.0023,,,,,,XRAY;PHOTON,PHOTON BEAM RADIATION THERAPY,RADIATION THERAPY,,Y,Y,,1.8,,Gy,,5 TIMES PER WEEK,,,LEG,RIGHT,HIND,ENTIRE,,,,,2012-04-02,2012-04-02,62,62,1,,,,,,,,,
Xeno Nimo Hypox;FaDu,PR,N150b056,N150,b,56,,8.0024,,,,,,XRAY;PHOTON,PHOTON BEAM RADIATION THERAPY,RADIATION THERAPY,,Y,Y,,1.8,,Gy,,5 TIMES PER WEEK,,,LEG,RIGHT,HIND,ENTIRE,,,,,2012-04-03,2012-04-03,63,63,1,,,,,,,,,
Xeno Nimo Hypox;FaDu,PR,N150b056,N150,b,56,,8.0025,,,,,,XRAY;PHOTON,PHOTON BEAM RADIATION THERAPY,RADIATION THERAPY,,Y,Y,,1.8,,Gy,,5 TIMES PER WEEK,,,LEG,RIGHT,HIND,ENTIRE,,,,,2012-04-04,2012-04-04,64,64,1,,,,,,,,,
Xeno Nimo Hypox;FaDu,PR,N150b056,N150,b,56,,8.0026,,,,,,XRAY;PHOTON,PHOTON BEAM RADIATION THERAPY,RADIATION THERAPY,,Y,Y,,1.8,,Gy,,5 TIMES PER WEEK,,,LEG,RIGHT,HIND,ENTIRE,,,,,2012-04-05,2012-04-05,65,65,1,,,,,,,,,
Xeno Nimo Hypox;FaDu,PR,N150b056,N150,b,56,,8.0027,,,,,,XRAY;PHOTON,PHOTON BEAM RADIATION THERAPY,RADIATION THERAPY,,Y,Y,,1.8,,Gy,,5 TIMES PER WEEK,,,LEG,RIGHT,HIND,ENTIRE,,,,,2012-04-06,2012-04-06,66,66,1,,,,,,,,,
Xeno Nimo Hypox;FaDu,PR,N150b056,N150,b,56,,8.0028,,,,,,XRAY;PHOTON,PHOTON BEAM RADIATION THERAPY,RADIATION THERAPY,,Y,Y,,1.8,,Gy,,5 TIMES PER WEEK,,,LEG,RIGHT,HIND,ENTIRE,,,,,2012-04-09,2012-04-09,69,69,1,,,,,,,,,
Xeno Nimo Hypox;FaDu,PR,N150b056,N150,b,56,,8.0029,,,,,,XRAY;PHOTON,PHOTON BEAM RADIATION THERAPY,RADIATION THERAPY,,Y,Y,,1.8,,Gy,,5 TIMES PER WEEK,,,LEG,RIGHT,HIND,ENTIRE,,,,,2012-04-10,2012-04-10,70,70,1,,,,,,,,,
Xeno Nimo Hypox;FaDu,PR,N150b056,N150,b,56,,8.003,,,,,,XRAY;PHOTON,PHOTON BEAM RADIATION THERAPY,RADIATION THERAPY,,Y,Y,,1.8,,Gy,,5 TIMES PER WEEK,,,LEG,RIGHT,HIND,ENTIRE,,,,,2012-04-11,2012-04-11,71,71,1,,,,,,,,,
Xeno Nimo Hypox;FaDu,PR,N150b058,N150,b,58,,8.0,,,,,,XRAY;PHOTON,TOTAL BODY IRRADIATION,TBI; Whole Body Irradiation,,Y,Y,,4.0,,Gy,,ONCE,,,BODY,BILATERAL,,ENTIRE,,,,,2012-01-27,2012-01-27,-4,-4,1,,,,,,,,,
Xeno Nimo Hypox;FaDu,PR,N150b058,N150,b,58,,8.0001,,,,,,XRAY;PHOTON,PHOTON BEAM RADIATION THERAPY,RADIATION THERAPY,,Y,Y,,1.8,,Gy,,5 TIMES PER WEEK,,,LEG,RIGHT,HIND,ENTIRE,,,,,2012-02-16,2012-02-16,16,16,1,,,,,,,,,
Xeno Nimo Hypox;FaDu,PR,N150b058,N150,b,58,,8.0002,,,,,,XRAY;PHOTON,PHOTON BEAM RADIATION THERAPY,RADIATION THERAPY,,Y,Y,,1.8,,Gy,,5 TIMES PER WEEK,,,LEG,RIGHT,HIND,ENTIRE,,,,,2012-02-17,2012-02-17,17,17,1,,,,,,,,,
Xeno Nimo Hypox;FaDu,PR,N150b058,N150,b,58,,8.0003,,,,,,XRAY;PHOTON,PHOTON BEAM RADIATION THERAPY,RADIATION THERAPY,,Y,Y,,1.8,,Gy,,5 TIMES PER WEEK,,,LEG,RIGHT,HIND,ENTIRE,,,,,2012-02-20,2012-02-20,20,20,1,,,,,,,,,
Xeno Nimo Hypox;FaDu,PR,N150b058,N150,b,58,,8.0004,,,,,,XRAY;PHOTON,PHOTON BEAM RADIATION THERAPY,RADIATION THERAPY,,Y,Y,,1.8,,Gy,,5 TIMES PER WEEK,,,LEG,RIGHT,HIND,ENTIRE,,,,,2012-02-21,2012-02-21,21,21,1,,,,,,,,,
Xeno Nimo Hypox;FaDu,PR,N150b058,N150,b,58,,8.0005,,,,,,XRAY;PHOTON,PHOTON BEAM RADIATION THERAPY,RADIATION THERAPY,,Y,Y,,1.8,,Gy,,5 TIMES PER WEEK,,,LEG,RIGHT,HIND,ENTIRE,,,,,2012-02-22,2012-02-22,22,22,1,,,,,,,,,
Xeno Nimo Hypox;FaDu,PR,N150b058,N150,b,58,,8.0006,,,,,,XRAY;PHOTON,PHOTON BEAM RADIATION THERAPY,RADIATION THERAPY,,Y,Y,,1.8,,Gy,,5 TIMES PER WEEK,,,LEG,RIGHT,HIND,ENTIRE,,,,,2012-02-23,2012-02-23,23,23,1,,,,,,,,,
Xeno Nimo Hypox;FaDu,PR,N150b058,N150,b,58,,8.0007,,,,,,XRAY;PHOTON,PHOTON BEAM RADIATION THERAPY,RADIATION THERAPY,,Y,Y,,1.8,,Gy,,5 TIMES PER WEEK,,,LEG,RIGHT,HIND,ENTIRE,,,,,2012-02-24,2012-02-24,24,24,1,,,,,,,,,
Xeno Nimo Hypox;FaDu,PR,N150b058,N150,b,58,,8.0008,,,,,,XRAY;PHOTON,PHOTON BEAM RADIATION THERAPY,RADIATION THERAPY,,Y,Y,,1.8,,Gy,,5 TIMES PER WEEK,,,LEG,RIGHT,HIND,ENTIRE,,,,,2012-02-27,2012-02-27,27,27,1,,,,,,,,,
Xeno Nimo Hypox;FaDu,PR,N150b058,N150,b,58,,8.0009,,,,,,XRAY;PHOTON,PHOTON BEAM RADIATION THERAPY,RADIATION THERAPY,,Y,Y,,1.8,,Gy,,5 TIMES PER WEEK,,,LEG,RIGHT,HIND,ENTIRE,,,,,2012-02-28,2012-02-28,28,28,1,,,,,,,,,
Xeno Nimo Hypox;FaDu,PR,N150b058,N150,b,58,,8.001,,,,,,XRAY;PHOTON,PHOTON BEAM RADIATION THERAPY,RADIATION THERAPY,,Y,Y,,1.8,,Gy,,5 TIMES PER WEEK,,,LEG,RIGHT,HIND,ENTIRE,,,,,2012-02-29,2012-02-29,29,29,1,,,,,,,,,
Xeno Nimo Hypox;FaDu,PR,N150b058,N150,b,58,,8.0011,,,,,,XRAY;PHOTON,PHOTON BEAM RADIATION THERAPY,RADIATION THERAPY,,Y,Y,,1.8,,Gy,,5 TIMES PER WEEK,,,LEG,RIGHT,HIND,ENTIRE,,,,,2012-03-01,2012-03-01,30,30,1,,,,,,,,,
Xeno Nimo Hypox;FaDu,PR,N150b058,N150,b,58,,8.0012,,,,,,XRAY;PHOTON,PHOTON BEAM RADIATION THERAPY,RADIATION THERAPY,,Y,Y,,1.8,,Gy,,5 TIMES PER WEEK,,,LEG,RIGHT,HIND,ENTIRE,,,,,2012-03-02,2012-03-02,31,31,1,,,,,,,,,
Xeno Nimo Hypox;FaDu,PR,N150b058,N150,b,58,,8.0013,,,,,,XRAY;PHOTON,PHOTON BEAM RADIATION THERAPY,RADIATION THERAPY,,Y,Y,,1.8,,Gy,,5 TIMES PER WEEK,,,LEG,RIGHT,HIND,ENTIRE,,,,,2012-03-05,2012-03-05,34,34,1,,,,,,,,,
Xeno Nimo Hypox;FaDu,PR,N150b058,N150,b,58,,8.0014,,,,,,XRAY;PHOTON,PHOTON BEAM RADIATION THERAPY,RADIATION THERAPY,,Y,Y,,1.8,,Gy,,5 TIMES PER WEEK,,,LEG,RIGHT,HIND,ENTIRE,,,,,2012-03-06,2012-03-06,35,35,1,,,,,,,,,
Xeno Nimo Hypox;FaDu,PR,N150b058,N150,b,58,,8.0015,,,,,,XRAY;PHOTON,PHOTON BEAM RADIATION THERAPY,RADIATION THERAPY,,Y,Y,,1.8,,Gy,,5 TIMES PER WEEK,,,LEG,RIGHT,HIND,ENTIRE,,,,,2012-03-07,2012-03-07,36,36,1,,,,,,,,,
Xeno Nimo Hypox;FaDu,PR,N150b058,N150,b,58,,8.0016,,,,,,XRAY;PHOTON,PHOTON BEAM RADIATION THERAPY,RADIATION THERAPY,,Y,Y,,1.8,,Gy,,5 TIMES PER WEEK,,,LEG,RIGHT,HIND,ENTIRE,,,,,2012-03-08,2012-03-08,37,37,1,,,,,,,,,
Xeno Nimo Hypox;FaDu,PR,N150b058,N150,b,58,,8.0017,,,,,,XRAY;PHOTON,PHOTON BEAM RADIATION THERAPY,RADIATION THERAPY,,Y,Y,,1.8,,Gy,,5 TIMES PER WEEK,,,LEG,RIGHT,HIND,ENTIRE,,,,,2012-03-09,2012-03-09,38,38,1,,,,,,,,,
Xeno Nimo Hypox;FaDu,PR,N150b058,N150,b,58,,8.0018,,,,,,XRAY;PHOTON,PHOTON BEAM RADIATION THERAPY,RADIATION THERAPY,,Y,Y,,1.8,,Gy,,5 TIMES PER WEEK,,,LEG,RIGHT,HIND,ENTIRE,,,,,2012-03-12,2012-03-12,41,41,1,,,,,,,,,
Xeno Nimo Hypox;FaDu,PR,N150b058,N150,b,58,,8.0019,,,,,,XRAY;PHOTON,PHOTON BEAM RADIATION THERAPY,RADIATION THERAPY,,Y,Y,,1.8,,Gy,,5 TIMES PER WEEK,,,LEG,RIGHT,HIND,ENTIRE,,,,,2012-03-13,2012-03-13,42,42,1,,,,,,,,,
Xeno Nimo Hypox;FaDu,PR,N150b058,N150,b,58,,8.002,,,,,,XRAY;PHOTON,PHOTON BEAM RADIATION THERAPY,RADIATION THERAPY,,Y,Y,,1.8,,Gy,,5 TIMES PER WEEK,,,LEG,RIGHT,HIND,ENTIRE,,,,,2012-03-14,2012-03-14,43,43,1,,,,,,,,,
Xeno Nimo Hypox;FaDu,PR,N150b058,N150,b,58,,8.0021,,,,,,XRAY;PHOTON,PHOTON BEAM RADIATION THERAPY,RADIATION THERAPY,,Y,Y,,1.8,,Gy,,5 TIMES PER WEEK,,,LEG,RIGHT,HIND,ENTIRE,,,,,2012-03-15,2012-03-15,44,44,1,,,,,,,,,
Xeno Nimo Hypox;FaDu,PR,N150b058,N150,b,58,,8.0022,,,,,,XRAY;PHOTON,PHOTON BEAM RADIATION THERAPY,RADIATION THERAPY,,Y,Y,,1.8,,Gy,,5 TIMES PER WEEK,,,LEG,RIGHT,HIND,ENTIRE,,,,,2012-03-16,2012-03-16,45,45,1,,,,,,,,,
Xeno Nimo Hypox;FaDu,PR,N150b058,N150,b,58,,8.0023,,,,,,XRAY;PHOTON,PHOTON BEAM RADIATION THERAPY,RADIATION THERAPY,,Y,Y,,1.8,,Gy,,5 TIMES PER WEEK,,,LEG,RIGHT,HIND,ENTIRE,,,,,2012-03-19,2012-03-19,48,48,1,,,,,,,,,
Xeno Nimo Hypox;FaDu,PR,N150b058,N150,b,58,,8.0024,,,,,,XRAY;PHOTON,PHOTON BEAM RADIATION THERAPY,RADIATION THERAPY,,Y,Y,,1.8,,Gy,,5 TIMES PER WEEK,,,LEG,RIGHT,HIND,ENTIRE,,,,,2012-03-20,2012-03-20,49,49,1,,,,,,,,,
Xeno Nimo Hypox;FaDu,PR,N150b058,N150,b,58,,8.0025,,,,,,XRAY;PHOTON,PHOTON BEAM RADIATION THERAPY,RADIATION THERAPY,,Y,Y,,1.8,,Gy,,5 TIMES PER WEEK,,,LEG,RIGHT,HIND,ENTIRE,,,,,2012-03-21,2012-03-21,50,50,1,,,,,,,,,
Xeno Nimo Hypox;FaDu,PR,N150b058,N150,b,58,,8.0026,,,,,,XRAY;PHOTON,PHOTON BEAM RADIATION THERAPY,RADIATION THERAPY,,Y,Y,,1.8,,Gy,,5 TIMES PER WEEK,,,LEG,RIGHT,HIND,ENTIRE,,,,,2012-03-22,2012-03-22,51,51,1,,,,,,,,,
Xeno Nimo Hypox;FaDu,PR,N150b058,N150,b,58,,8.0027,,,,,,XRAY;PHOTON,PHOTON BEAM RADIATION THERAPY,RADIATION THERAPY,,Y,Y,,1.8,,Gy,,5 TIMES PER WEEK,,,LEG,RIGHT,HIND,ENTIRE,,,,,2012-03-23,2012-03-23,52,52,1,,,,,,,,,
Xeno Nimo Hypox;FaDu,PR,N150b058,N150,b,58,,8.0028,,,,,,XRAY;PHOTON,PHOTON BEAM RADIATION THERAPY,RADIATION THERAPY,,Y,Y,,1.8,,Gy,,5 TIMES PER WEEK,,,LEG,RIGHT,HIND,ENTIRE,,,,,2012-03-26,2012-03-26,55,55,1,,,,,,,,,
Xeno Nimo Hypox;FaDu,PR,N150b058,N150,b,58,,8.0029,,,,,,XRAY;PHOTON,PHOTON BEAM RADIATION THERAPY,RADIATION THERAPY,,Y,Y,,1.8,,Gy,,5 TIMES PER WEEK,,,LEG,RIGHT,HIND,ENTIRE,,,,,2012-03-27,2012-03-27,56,56,1,,,,,,,,,
Xeno Nimo Hypox;FaDu,PR,N150b058,N150,b,58,,8.003,,,,,,XRAY;PHOTON,PHOTON BEAM RADIATION THERAPY,RADIATION THERAPY,,Y,Y,,1.8,,Gy,,5 TIMES PER WEEK,,,LEG,RIGHT,HIND,ENTIRE,,,,,2012-03-28,2012-03-28,57,57,1,,,,,,,,,
Xeno Nimo Hypox;FaDu,PR,N150b069,N150,b,69,,8.0,,,,,,XRAY;PHOTON,TOTAL BODY IRRADIATION,TBI; Whole Body Irradiation,,Y,Y,,4.0,,Gy,,ONCE,,,BODY,BILATERAL,,ENTIRE,,,,,2012-01-27,2012-01-27,-4,-4,1,,,,,,,,,
Xeno Nimo Hypox;FaDu,PR,N150b069,N150,b,69,,8.0001,,,,,,XRAY;PHOTON,PHOTON BEAM RADIATION THERAPY,RADIATION THERAPY,,Y,Y,,1.8,,Gy,,5 TIMES PER WEEK,,,LEG,RIGHT,HIND,ENTIRE,,,,,2012-02-16,2012-02-16,16,16,1,,,,,,,,,
Xeno Nimo Hypox;FaDu,PR,N150b069,N150,b,69,,8.0002,,,,,,XRAY;PHOTON,PHOTON BEAM RADIATION THERAPY,RADIATION THERAPY,,Y,Y,,1.8,,Gy,,5 TIMES PER WEEK,,,LEG,RIGHT,HIND,ENTIRE,,,,,2012-02-17,2012-02-17,17,17,1,,,,,,,,,
Xeno Nimo Hypox;FaDu,PR,N150b069,N150,b,69,,8.0003,,,,,,XRAY;PHOTON,PHOTON BEAM RADIATION THERAPY,RADIATION THERAPY,,Y,Y,,1.8,,Gy,,5 TIMES PER WEEK,,,LEG,RIGHT,HIND,ENTIRE,,,,,2012-02-20,2012-02-20,20,20,1,,,,,,,,,
Xeno Nimo Hypox;FaDu,PR,N150b069,N150,b,69,,8.0004,,,,,,XRAY;PHOTON,PHOTON BEAM RADIATION THERAPY,RADIATION THERAPY,,Y,Y,,1.8,,Gy,,5 TIMES PER WEEK,,,LEG,RIGHT,HIND,ENTIRE,,,,,2012-02-21,2012-02-21,21,21,1,,,,,,,,,
Xeno Nimo Hypox;FaDu,PR,N150b069,N150,b,69,,8.0005,,,,,,XRAY;PHOTON,PHOTON BEAM RADIATION THERAPY,RADIATION THERAPY,,Y,Y,,1.8,,Gy,,5 TIMES PER WEEK,,,LEG,RIGHT,HIND,ENTIRE,,,,,2012-02-22,2012-02-22,22,22,1,,,,,,,,,
Xeno Nimo Hypox;FaDu,PR,N150b069,N150,b,69,,8.0006,,,,,,XRAY;PHOTON,PHOTON BEAM RADIATION THERAPY,RADIATION THERAPY,,Y,Y,,1.8,,Gy,,5 TIMES PER WEEK,,,LEG,RIGHT,HIND,ENTIRE,,,,,2012-02-23,2012-02-23,23,23,1,,,,,,,,,
Xeno Nimo Hypox;FaDu,PR,N150b069,N150,b,69,,8.0007,,,,,,XRAY;PHOTON,PHOTON BEAM RADIATION THERAPY,RADIATION THERAPY,,Y,Y,,1.8,,Gy,,5 TIMES PER WEEK,,,LEG,RIGHT,HIND,ENTIRE,,,,,2012-02-24,2012-02-24,24,24,1,,,,,,,,,
Xeno Nimo Hypox;FaDu,PR,N150b069,N150,b,69,,8.0008,,,,,,XRAY;PHOTON,PHOTON BEAM RADIATION THERAPY,RADIATION THERAPY,,Y,Y,,1.8,,Gy,,5 TIMES PER WEEK,,,LEG,RIGHT,HIND,ENTIRE,,,,,2012-02-27,2012-02-27,27,27,1,,,,,,,,,
Xeno Nimo Hypox;FaDu,PR,N150b069,N150,b,69,,8.0009,,,,,,XRAY;PHOTON,PHOTON BEAM RADIATION THERAPY,RADIATION THERAPY,,Y,Y,,1.8,,Gy,,5 TIMES PER WEEK,,,LEG,RIGHT,HIND,ENTIRE,,,,,2012-02-28,2012-02-28,28,28,1,,,,,,,,,
Xeno Nimo Hypox;FaDu,PR,N150b069,N150,b,69,,8.001,,,,,,XRAY;PHOTON,PHOTON BEAM RADIATION THERAPY,RADIATION THERAPY,,Y,Y,,1.8,,Gy,,5 TIMES PER WEEK,,,LEG,RIGHT,HIND,ENTIRE,,,,,2012-02-29,2012-02-29,29,29,1,,,,,,,,,
Xeno Nimo Hypox;FaDu,PR,N150b069,N150,b,69,,8.0011,,,,,,XRAY;PHOTON,PHOTON BEAM RADIATION THERAPY,RADIATION THERAPY,,Y,Y,,1.8,,Gy,,5 TIMES PER WEEK,,,LEG,RIGHT,HIND,ENTIRE,,,,,2012-03-01,2012-03-01,30,30,1,,,,,,,,,
Xeno Nimo Hypox;FaDu,PR,N150b069,N150,b,69,,8.0012,,,,,,XRAY;PHOTON,PHOTON BEAM RADIATION THERAPY,RADIATION THERAPY,,Y,Y,,1.8,,Gy,,5 TIMES PER WEEK,,,LEG,RIGHT,HIND,ENTIRE,,,,,2012-03-02,2012-03-02,31,31,1,,,,,,,,,
Xeno Nimo Hypox;FaDu,PR,N150b069,N150,b,69,,8.0013,,,,,,XRAY;PHOTON,PHOTON BEAM RADIATION THERAPY,RADIATION THERAPY,,Y,Y,,1.8,,Gy,,5 TIMES PER WEEK,,,LEG,RIGHT,HIND,ENTIRE,,,,,2012-03-05,2012-03-05,34,34,1,,,,,,,,,
Xeno Nimo Hypox;FaDu,PR,N150b069,N150,b,69,,8.0014,,,,,,XRAY;PHOTON,PHOTON BEAM RADIATION THERAPY,RADIATION THERAPY,,Y,Y,,1.8,,Gy,,5 TIMES PER WEEK,,,LEG,RIGHT,HIND,ENTIRE,,,,,2012-03-06,2012-03-06,35,35,1,,,,,,,,,
Xeno Nimo Hypox;FaDu,PR,N150b069,N150,b,69,,8.0015,,,,,,XRAY;PHOTON,PHOTON BEAM RADIATION THERAPY,RADIATION THERAPY,,Y,Y,,1.8,,Gy,,5 TIMES PER WEEK,,,LEG,RIGHT,HIND,ENTIRE,,,,,2012-03-07,2012-03-07,36,36,1,,,,,,,,,
Xeno Nimo Hypox;FaDu,PR,N150b069,N150,b,69,,8.0016,,,,,,XRAY;PHOTON,PHOTON BEAM RADIATION THERAPY,RADIATION THERAPY,,Y,Y,,1.8,,Gy,,5 TIMES PER WEEK,,,LEG,RIGHT,HIND,ENTIRE,,,,,2012-03-08,2012-03-08,37,37,1,,,,,,,,,
Xeno Nimo Hypox;FaDu,PR,N150b069,N150,b,69,,8.0017,,,,,,XRAY;PHOTON,PHOTON BEAM RADIATION THERAPY,RADIATION THERAPY,,Y,Y,,1.8,,Gy,,5 TIMES PER WEEK,,,LEG,RIGHT,HIND,ENTIRE,,,,,2012-03-09,2012-03-09,38,38,1,,,,,,,,,
Xeno Nimo Hypox;FaDu,PR,N150b069,N150,b,69,,8.0018,,,,,,XRAY;PHOTON,PHOTON BEAM RADIATION THERAPY,RADIATION THERAPY,,Y,Y,,1.8,,Gy,,5 TIMES PER WEEK,,,LEG,RIGHT,HIND,ENTIRE,,,,,2012-03-12,2012-03-12,41,41,1,,,,,,,,,
Xeno Nimo Hypox;FaDu,PR,N150b069,N150,b,69,,8.0019,,,,,,XRAY;PHOTON,PHOTON BEAM RADIATION THERAPY,RADIATION THERAPY,,Y,Y,,1.8,,Gy,,5 TIMES PER WEEK,,,LEG,RIGHT,HIND,ENTIRE,,,,,2012-03-13,2012-03-13,42,42,1,,,,,,,,,
Xeno Nimo Hypox;FaDu,PR,N150b069,N150,b,69,,8.002,,,,,,XRAY;PHOTON,PHOTON BEAM RADIATION THERAPY,RADIATION THERAPY,,Y,Y,,1.8,,Gy,,5 TIMES PER WEEK,,,LEG,RIGHT,HIND,ENTIRE,,,,,2012-03-14,2012-03-14,43,43,1,,,,,,,,,
Xeno Nimo Hypox;FaDu,PR,N150b069,N150,b,69,,8.0021,,,,,,XRAY;PHOTON,PHOTON BEAM RADIATION THERAPY,RADIATION THERAPY,,Y,Y,,1.8,,Gy,,5 TIMES PER WEEK,,,LEG,RIGHT,HIND,ENTIRE,,,,,2012-03-15,2012-03-15,44,44,1,,,,,,,,,
Xeno Nimo Hypox;FaDu,PR,N150b069,N150,b,69,,8.0022,,,,,,XRAY;PHOTON,PHOTON BEAM RADIATION THERAPY,RADIATION THERAPY,,Y,Y,,1.8,,Gy,,5 TIMES PER WEEK,,,LEG,RIGHT,HIND,ENTIRE,,,,,2012-03-16,2012-03-16,45,45,1,,,,,,,,,
Xeno Nimo Hypox;FaDu,PR,N150b069,N150,b,69,,8.0023,,,,,,XRAY;PHOTON,PHOTON BEAM RADIATION THERAPY,RADIATION THERAPY,,Y,Y,,1.8,,Gy,,5 TIMES PER WEEK,,,LEG,RIGHT,HIND,ENTIRE,,,,,2012-03-19,2012-03-19,48,48,1,,,,,,,,,
Xeno Nimo Hypox;FaDu,PR,N150b069,N150,b,69,,8.0024,,,,,,XRAY;PHOTON,PHOTON BEAM RADIATION THERAPY,RADIATION THERAPY,,Y,Y,,1.8,,Gy,,5 TIMES PER WEEK,,,LEG,RIGHT,HIND,ENTIRE,,,,,2012-03-20,2012-03-20,49,49,1,,,,,,,,,
Xeno Nimo Hypox;FaDu,PR,N150b069,N150,b,69,,8.0025,,,,,,XRAY;PHOTON,PHOTON BEAM RADIATION THERAPY,RADIATION THERAPY,,Y,Y,,1.8,,Gy,,5 TIMES PER WEEK,,,LEG,RIGHT,HIND,ENTIRE,,,,,2012-03-21,2012-03-21,50,50,1,,,,,,,,,
Xeno Nimo Hypox;FaDu,PR,N150b069,N150,b,69,,8.0026,,,,,,XRAY;PHOTON,PHOTON BEAM RADIATION THERAPY,RADIATION THERAPY,,Y,Y,,1.8,,Gy,,5 TIMES PER WEEK,,,LEG,RIGHT,HIND,ENTIRE,,,,,2012-03-22,2012-03-22,51,51,1,,,,,,,,,
Xeno Nimo Hypox;FaDu,PR,N150b069,N150,b,69,,8.0027,,,,,,XRAY;PHOTON,PHOTON BEAM RADIATION THERAPY,RADIATION THERAPY,,Y,Y,,1.8,,Gy,,5 TIMES PER WEEK,,,LEG,RIGHT,HIND,ENTIRE,,,,,2012-03-23,2012-03-23,52,52,1,,,,,,,,,
Xeno Nimo Hypox;FaDu,PR,N150b069,N150,b,69,,8.0028,,,,,,XRAY;PHOTON,PHOTON BEAM RADIATION THERAPY,RADIATION THERAPY,,Y,Y,,1.8,,Gy,,5 TIMES PER WEEK,,,LEG,RIGHT,HIND,ENTIRE,,,,,2012-03-26,2012-03-26,55,55,1,,,,,,,,,
Xeno Nimo Hypox;FaDu,PR,N150b069,N150,b,69,,8.0029,,,,,,XRAY;PHOTON,PHOTON BEAM RADIATION THERAPY,RADIATION THERAPY,,Y,Y,,1.8,,Gy,,5 TIMES PER WEEK,,,LEG,RIGHT,HIND,ENTIRE,,,,,2012-03-27,2012-03-27,56,56,1,,,,,,,,,
Xeno Nimo Hypox;FaDu,PR,N150b069,N150,b,69,,8.003,,,,,,XRAY;PHOTON,PHOTON BEAM RADIATION THERAPY,RADIATION THERAPY,,Y,Y,,1.8,,Gy,,5 TIMES PER WEEK,,,LEG,RIGHT,HIND,ENTIRE,,,,,2012-03-28,2012-03-28,57,57,1,,,,,,,,,
Xeno Nimo Hypox;FaDu,PR,N150b070,N150,b,70,,8.0,,,,,,XRAY;PHOTON,TOTAL BODY IRRADIATION,TBI; Whole Body Irradiation,,Y,Y,,4.0,,Gy,,ONCE,,,BODY,BILATERAL,,ENTIRE,,,,,2012-01-27,2012-01-27,-4,-4,1,,,,,,,,,
Xeno Nimo Hypox;FaDu,PR,N150b070,N150,b,70,,8.0001,,,,,,XRAY;PHOTON,PHOTON BEAM RADIATION THERAPY,RADIATION THERAPY,,Y,Y,,1.8,,Gy,,5 TIMES PER WEEK,,,LEG,RIGHT,HIND,ENTIRE,,,,,2012-02-20,2012-02-20,20,20,1,,,,,,,,,
Xeno Nimo Hypox;FaDu,PR,N150b070,N150,b,70,,8.0002,,,,,,XRAY;PHOTON,PHOTON BEAM RADIATION THERAPY,RADIATION THERAPY,,Y,Y,,1.8,,Gy,,5 TIMES PER WEEK,,,LEG,RIGHT,HIND,ENTIRE,,,,,2012-02-21,2012-02-21,21,21,1,,,,,,,,,
Xeno Nimo Hypox;FaDu,PR,N150b070,N150,b,70,,8.0003,,,,,,XRAY;PHOTON,PHOTON BEAM RADIATION THERAPY,RADIATION THERAPY,,Y,Y,,1.8,,Gy,,5 TIMES PER WEEK,,,LEG,RIGHT,HIND,ENTIRE,,,,,2012-02-22,2012-02-22,22,22,1,,,,,,,,,
Xeno Nimo Hypox;FaDu,PR,N150b070,N150,b,70,,8.0004,,,,,,XRAY;PHOTON,PHOTON BEAM RADIATION THERAPY,RADIATION THERAPY,,Y,Y,,1.8,,Gy,,5 TIMES PER WEEK,,,LEG,RIGHT,HIND,ENTIRE,,,,,2012-02-23,2012-02-23,23,23,1,,,,,,,,,
Xeno Nimo Hypox;FaDu,PR,N150b070,N150,b,70,,8.0005,,,,,,XRAY;PHOTON,PHOTON BEAM RADIATION THERAPY,RADIATION THERAPY,,Y,Y,,1.8,,Gy,,5 TIMES PER WEEK,,,LEG,RIGHT,HIND,ENTIRE,,,,,2012-02-24,2012-02-24,24,24,1,,,,,,,,,
Xeno Nimo Hypox;FaDu,PR,N150b070,N150,b,70,,8.0006,,,,,,XRAY;PHOTON,PHOTON BEAM RADIATION THERAPY,RADIATION THERAPY,,Y,Y,,1.8,,Gy,,5 TIMES PER WEEK,,,LEG,RIGHT,HIND,ENTIRE,,,,,2012-02-27,2012-02-27,27,27,1,,,,,,,,,
Xeno Nimo Hypox;FaDu,PR,N150b070,N150,b,70,,8.0007,,,,,,XRAY;PHOTON,PHOTON BEAM RADIATION THERAPY,RADIATION THERAPY,,Y,Y,,1.8,,Gy,,5 TIMES PER WEEK,,,LEG,RIGHT,HIND,ENTIRE,,,,,2012-02-28,2012-02-28,28,28,1,,,,,,,,,
Xeno Nimo Hypox;FaDu,PR,N150b070,N150,b,70,,8.0008,,,,,,XRAY;PHOTON,PHOTON BEAM RADIATION THERAPY,RADIATION THERAPY,,Y,Y,,1.8,,Gy,,5 TIMES PER WEEK,,,LEG,RIGHT,HIND,ENTIRE,,,,,2012-02-29,2012-02-29,29,29,1,,,,,,,,,
Xeno Nimo Hypox;FaDu,PR,N150b070,N150,b,70,,8.0009,,,,,,XRAY;PHOTON,PHOTON BEAM RADIATION THERAPY,RADIATION THERAPY,,Y,Y,,1.8,,Gy,,5 TIMES PER WEEK,,,LEG,RIGHT,HIND,ENTIRE,,,,,2012-03-01,2012-03-01,30,30,1,,,,,,,,,
Xeno Nimo Hypox;FaDu,PR,N150b070,N150,b,70,,8.001,,,,,,XRAY;PHOTON,PHOTON BEAM RADIATION THERAPY,RADIATION THERAPY,,Y,Y,,1.8,,Gy,,5 TIMES PER WEEK,,,LEG,RIGHT,HIND,ENTIRE,,,,,2012-03-02,2012-03-02,31,31,1,,,,,,,,,
Xeno Nimo Hypox;FaDu,PR,N150b070,N150,b,70,,8.0011,,,,,,XRAY;PHOTON,PHOTON BEAM RADIATION THERAPY,RADIATION THERAPY,,Y,Y,,1.8,,Gy,,5 TIMES PER WEEK,,,LEG,RIGHT,HIND,ENTIRE,,,,,2012-03-05,2012-03-05,34,34,1,,,,,,,,,
Xeno Nimo Hypox;FaDu,PR,N150b070,N150,b,70,,8.0012,,,,,,XRAY;PHOTON,PHOTON BEAM RADIATION THERAPY,RADIATION THERAPY,,Y,Y,,1.8,,Gy,,5 TIMES PER WEEK,,,LEG,RIGHT,HIND,ENTIRE,,,,,2012-03-06,2012-03-06,35,35,1,,,,,,,,,
Xeno Nimo Hypox;FaDu,PR,N150b070,N150,b,70,,8.0013,,,,,,XRAY;PHOTON,PHOTON BEAM RADIATION THERAPY,RADIATION THERAPY,,Y,Y,,1.8,,Gy,,5 TIMES PER WEEK,,,LEG,RIGHT,HIND,ENTIRE,,,,,2012-03-07,2012-03-07,36,36,1,,,,,,,,,
Xeno Nimo Hypox;FaDu,PR,N150b070,N150,b,70,,8.0014,,,,,,XRAY;PHOTON,PHOTON BEAM RADIATION THERAPY,RADIATION THERAPY,,Y,Y,,1.8,,Gy,,5 TIMES PER WEEK,,,LEG,RIGHT,HIND,ENTIRE,,,,,2012-03-08,2012-03-08,37,37,1,,,,,,,,,
Xeno Nimo Hypox;FaDu,PR,N150b070,N150,b,70,,8.0015,,,,,,XRAY;PHOTON,PHOTON BEAM RADIATION THERAPY,RADIATION THERAPY,,Y,Y,,1.8,,Gy,,5 TIMES PER WEEK,,,LEG,RIGHT,HIND,ENTIRE,,,,,2012-03-09,2012-03-09,38,38,1,,,,,,,,,
Xeno Nimo Hypox;FaDu,PR,N150b070,N150,b,70,,8.0016,,,,,,XRAY;PHOTON,PHOTON BEAM RADIATION THERAPY,RADIATION THERAPY,,Y,Y,,1.8,,Gy,,5 TIMES PER WEEK,,,LEG,RIGHT,HIND,ENTIRE,,,,,2012-03-12,2012-03-12,41,41,1,,,,,,,,,
Xeno Nimo Hypox;FaDu,PR,N150b070,N150,b,70,,8.0017,,,,,,XRAY;PHOTON,PHOTON BEAM RADIATION THERAPY,RADIATION THERAPY,,Y,Y,,1.8,,Gy,,5 TIMES PER WEEK,,,LEG,RIGHT,HIND,ENTIRE,,,,,2012-03-13,2012-03-13,42,42,1,,,,,,,,,
Xeno Nimo Hypox;FaDu,PR,N150b070,N150,b,70,,8.0018,,,,,,XRAY;PHOTON,PHOTON BEAM RADIATION THERAPY,RADIATION THERAPY,,Y,Y,,1.8,,Gy,,5 TIMES PER WEEK,,,LEG,RIGHT,HIND,ENTIRE,,,,,2012-03-14,2012-03-14,43,43,1,,,,,,,,,
Xeno Nimo Hypox;FaDu,PR,N150b070,N150,b,70,,8.0019,,,,,,XRAY;PHOTON,PHOTON BEAM RADIATION THERAPY,RADIATION THERAPY,,Y,Y,,1.8,,Gy,,5 TIMES PER WEEK,,,LEG,RIGHT,HIND,ENTIRE,,,,,2012-03-15,2012-03-15,44,44,1,,,,,,,,,
Xeno Nimo Hypox;FaDu,PR,N150b070,N150,b,70,,8.002,,,,,,XRAY;PHOTON,PHOTON BEAM RADIATION THERAPY,RADIATION THERAPY,,Y,Y,,1.8,,Gy,,5 TIMES PER WEEK,,,LEG,RIGHT,HIND,ENTIRE,,,,,2012-03-16,2012-03-16,45,45,1,,,,,,,,,
Xeno Nimo Hypox;FaDu,PR,N150b070,N150,b,70,,8.0021,,,,,,XRAY;PHOTON,PHOTON BEAM RADIATION THERAPY,RADIATION THERAPY,,Y,Y,,1.8,,Gy,,5 TIMES PER WEEK,,,LEG,RIGHT,HIND,ENTIRE,,,,,2012-03-19,2012-03-19,48,48,1,,,,,,,,,
Xeno Nimo Hypox;FaDu,PR,N150b070,N150,b,70,,8.0022,,,,,,XRAY;PHOTON,PHOTON BEAM RADIATION THERAPY,RADIATION THERAPY,,Y,Y,,1.8,,Gy,,5 TIMES PER WEEK,,,LEG,RIGHT,HIND,ENTIRE,,,,,2012-03-20,2012-03-20,49,49,1,,,,,,,,,
Xeno Nimo Hypox;FaDu,PR,N150b070,N150,b,70,,8.0023,,,,,,XRAY;PHOTON,PHOTON BEAM RADIATION THERAPY,RADIATION THERAPY,,Y,Y,,1.8,,Gy,,5 TIMES PER WEEK,,,LEG,RIGHT,HIND,ENTIRE,,,,,2012-03-21,2012-03-21,50,50,1,,,,,,,,,
Xeno Nimo Hypox;FaDu,PR,N150b070,N150,b,70,,8.0024,,,,,,XRAY;PHOTON,PHOTON BEAM RADIATION THERAPY,RADIATION THERAPY,,Y,Y,,1.8,,Gy,,5 TIMES PER WEEK,,,LEG,RIGHT,HIND,ENTIRE,,,,,2012-03-22,2012-03-22,51,51,1,,,,,,,,,
Xeno Nimo Hypox;FaDu,PR,N150b070,N150,b,70,,8.0025,,,,,,XRAY;PHOTON,PHOTON BEAM RADIATION THERAPY,RADIATION THERAPY,,Y,Y,,1.8,,Gy,,5 TIMES PER WEEK,,,LEG,RIGHT,HIND,ENTIRE,,,,,2012-03-23,2012-03-23,52,52,1,,,,,,,,,
Xeno Nimo Hypox;FaDu,PR,N150b070,N150,b,70,,8.0026,,,,,,XRAY;PHOTON,PHOTON BEAM RADIATION THERAPY,RADIATION THERAPY,,Y,Y,,1.8,,Gy,,5 TIMES PER WEEK,,,LEG,RIGHT,HIND,ENTIRE,,,,,2012-03-26,2012-03-26,55,55,1,,,,,,,,,
Xeno Nimo Hypox;FaDu,PR,N150b070,N150,b,70,,8.0027,,,,,,XRAY;PHOTON,PHOTON BEAM RADIATION THERAPY,RADIATION THERAPY,,Y,Y,,1.8,,Gy,,5 TIMES PER WEEK,,,LEG,RIGHT,HIND,ENTIRE,,,,,2012-03-27,2012-03-27,56,56,1,,,,,,,,,
Xeno Nimo Hypox;FaDu,PR,N150b070,N150,b,70,,8.0028,,,,,,XRAY;PHOTON,PHOTON BEAM RADIATION THERAPY,RADIATION THERAPY,,Y,Y,,1.8,,Gy,,5 TIMES PER WEEK,,,LEG,RIGHT,HIND,ENTIRE,,,,,2012-03-28,2012-03-28,57,57,1,,,,,,,,,
Xeno Nimo Hypox;FaDu,PR,N150b070,N150,b,70,,8.0029,,,,,,XRAY;PHOTON,PHOTON BEAM RADIATION THERAPY,RADIATION THERAPY,,Y,Y,,1.8,,Gy,,5 TIMES PER WEEK,,,LEG,RIGHT,HIND,ENTIRE,,,,,2012-03-29,2012-03-29,58,58,1,,,,,,,,,
Xeno Nimo Hypox;FaDu,PR,N150b070,N150,b,70,,8.003,,,,,,XRAY;PHOTON,PHOTON BEAM RADIATION THERAPY,RADIATION THERAPY,,Y,Y,,1.8,,Gy,,5 TIMES PER WEEK,,,LEG,RIGHT,HIND,ENTIRE,,,,,2012-03-30,2012-03-30,59,59,1,,,,,,,,,
Xeno Nimo Hypox;FaDu,PR,N150b071,N150,b,71,,8.0,,,,,,XRAY;PHOTON,TOTAL BODY IRRADIATION,TBI; Whole Body Irradiation,,Y,Y,,4.0,,Gy,,ONCE,,,BODY,BILATERAL,,ENTIRE,,,,,2012-01-27,2012-01-27,-4,-4,1,,,,,,,,,
Xeno Nimo Hypox;FaDu,PR,N150b071,N150,b,71,,8.0001,,,,,,XRAY;PHOTON,PHOTON BEAM RADIATION THERAPY,RADIATION THERAPY,,Y,Y,,1.8,,Gy,,5 TIMES PER WEEK,,,LEG,RIGHT,HIND,ENTIRE,,,,,2012-02-23,2012-02-23,23,23,1,,,,,,,,,
Xeno Nimo Hypox;FaDu,PR,N150b071,N150,b,71,,8.0002,,,,,,XRAY;PHOTON,PHOTON BEAM RADIATION THERAPY,RADIATION THERAPY,,Y,Y,,1.8,,Gy,,5 TIMES PER WEEK,,,LEG,RIGHT,HIND,ENTIRE,,,,,2012-02-24,2012-02-24,24,24,1,,,,,,,,,
Xeno Nimo Hypox;FaDu,PR,N150b071,N150,b,71,,8.0003,,,,,,XRAY;PHOTON,PHOTON BEAM RADIATION THERAPY,RADIATION THERAPY,,Y,Y,,1.8,,Gy,,5 TIMES PER WEEK,,,LEG,RIGHT,HIND,ENTIRE,,,,,2012-02-27,2012-02-27,27,27,1,,,,,,,,,
Xeno Nimo Hypox;FaDu,PR,N150b071,N150,b,71,,8.0004,,,,,,XRAY;PHOTON,PHOTON BEAM RADIATION THERAPY,RADIATION THERAPY,,Y,Y,,1.8,,Gy,,5 TIMES PER WEEK,,,LEG,RIGHT,HIND,ENTIRE,,,,,2012-02-28,2012-02-28,28,28,1,,,,,,,,,
Xeno Nimo Hypox;FaDu,PR,N150b071,N150,b,71,,8.0005,,,,,,XRAY;PHOTON,PHOTON BEAM RADIATION THERAPY,RADIATION THERAPY,,Y,Y,,1.8,,Gy,,5 TIMES PER WEEK,,,LEG,RIGHT,HIND,ENTIRE,,,,,2012-02-29,2012-02-29,29,29,1,,,,,,,,,
Xeno Nimo Hypox;FaDu,PR,N150b071,N150,b,71,,8.0006,,,,,,XRAY;PHOTON,PHOTON BEAM RADIATION THERAPY,RADIATION THERAPY,,Y,Y,,1.8,,Gy,,5 TIMES PER WEEK,,,LEG,RIGHT,HIND,ENTIRE,,,,,2012-03-01,2012-03-01,30,30,1,,,,,,,,,
Xeno Nimo Hypox;FaDu,PR,N150b071,N150,b,71,,8.0007,,,,,,XRAY;PHOTON,PHOTON BEAM RADIATION THERAPY,RADIATION THERAPY,,Y,Y,,1.8,,Gy,,5 TIMES PER WEEK,,,LEG,RIGHT,HIND,ENTIRE,,,,,2012-03-02,2012-03-02,31,31,1,,,,,,,,,
Xeno Nimo Hypox;FaDu,PR,N150b071,N150,b,71,,8.0008,,,,,,XRAY;PHOTON,PHOTON BEAM RADIATION THERAPY,RADIATION THERAPY,,Y,Y,,1.8,,Gy,,5 TIMES PER WEEK,,,LEG,RIGHT,HIND,ENTIRE,,,,,2012-03-05,2012-03-05,34,34,1,,,,,,,,,
Xeno Nimo Hypox;FaDu,PR,N150b071,N150,b,71,,8.0009,,,,,,XRAY;PHOTON,PHOTON BEAM RADIATION THERAPY,RADIATION THERAPY,,Y,Y,,1.8,,Gy,,5 TIMES PER WEEK,,,LEG,RIGHT,HIND,ENTIRE,,,,,2012-03-06,2012-03-06,35,35,1,,,,,,,,,
Xeno Nimo Hypox;FaDu,PR,N150b071,N150,b,71,,8.001,,,,,,XRAY;PHOTON,PHOTON BEAM RADIATION THERAPY,RADIATION THERAPY,,Y,Y,,1.8,,Gy,,5 TIMES PER WEEK,,,LEG,RIGHT,HIND,ENTIRE,,,,,2012-03-07,2012-03-07,36,36,1,,,,,,,,,
Xeno Nimo Hypox;FaDu,PR,N150b071,N150,b,71,,8.0011,,,,,,XRAY;PHOTON,PHOTON BEAM RADIATION THERAPY,RADIATION THERAPY,,Y,Y,,1.8,,Gy,,5 TIMES PER WEEK,,,LEG,RIGHT,HIND,ENTIRE,,,,,2012-03-08,2012-03-08,37,37,1,,,,,,,,,
Xeno Nimo Hypox;FaDu,PR,N150b071,N150,b,71,,8.0012,,,,,,XRAY;PHOTON,PHOTON BEAM RADIATION THERAPY,RADIATION THERAPY,,Y,Y,,1.8,,Gy,,5 TIMES PER WEEK,,,LEG,RIGHT,HIND,ENTIRE,,,,,2012-03-09,2012-03-09,38,38,1,,,,,,,,,
Xeno Nimo Hypox;FaDu,PR,N150b071,N150,b,71,,8.0013,,,,,,XRAY;PHOTON,PHOTON BEAM RADIATION THERAPY,RADIATION THERAPY,,Y,Y,,1.8,,Gy,,5 TIMES PER WEEK,,,LEG,RIGHT,HIND,ENTIRE,,,,,2012-03-12,2012-03-12,41,41,1,,,,,,,,,
Xeno Nimo Hypox;FaDu,PR,N150b071,N150,b,71,,8.0014,,,,,,XRAY;PHOTON,PHOTON BEAM RADIATION THERAPY,RADIATION THERAPY,,Y,Y,,1.8,,Gy,,5 TIMES PER WEEK,,,LEG,RIGHT,HIND,ENTIRE,,,,,2012-03-13,2012-03-13,42,42,1,,,,,,,,,
Xeno Nimo Hypox;FaDu,PR,N150b071,N150,b,71,,8.0015,,,,,,XRAY;PHOTON,PHOTON BEAM RADIATION THERAPY,RADIATION THERAPY,,Y,Y,,1.8,,Gy,,5 TIMES PER WEEK,,,LEG,RIGHT,HIND,ENTIRE,,,,,2012-03-14,2012-03-14,43,43,1,,,,,,,,,
Xeno Nimo Hypox;FaDu,PR,N150b071,N150,b,71,,8.0016,,,,,,XRAY;PHOTON,PHOTON BEAM RADIATION THERAPY,RADIATION THERAPY,,Y,Y,,1.8,,Gy,,5 TIMES PER WEEK,,,LEG,RIGHT,HIND,ENTIRE,,,,,2012-03-15,2012-03-15,44,44,1,,,,,,,,,
Xeno Nimo Hypox;FaDu,PR,N150b071,N150,b,71,,8.0017,,,,,,XRAY;PHOTON,PHOTON BEAM RADIATION THERAPY,RADIATION THERAPY,,Y,Y,,1.8,,Gy,,5 TIMES PER WEEK,,,LEG,RIGHT,HIND,ENTIRE,,,,,2012-03-16,2012-03-16,45,45,1,,,,,,,,,
Xeno Nimo Hypox;FaDu,PR,N150b071,N150,b,71,,8.0018,,,,,,XRAY;PHOTON,PHOTON BEAM RADIATION THERAPY,RADIATION THERAPY,,Y,Y,,1.8,,Gy,,5 TIMES PER WEEK,,,LEG,RIGHT,HIND,ENTIRE,,,,,2012-03-19,2012-03-19,48,48,1,,,,,,,,,
Xeno Nimo Hypox;FaDu,PR,N150b071,N150,b,71,,8.0019,,,,,,XRAY;PHOTON,PHOTON BEAM RADIATION THERAPY,RADIATION THERAPY,,Y,Y,,1.8,,Gy,,5 TIMES PER WEEK,,,LEG,RIGHT,HIND,ENTIRE,,,,,2012-03-20,2012-03-20,49,49,1,,,,,,,,,
Xeno Nimo Hypox;FaDu,PR,N150b071,N150,b,71,,8.002,,,,,,XRAY;PHOTON,PHOTON BEAM RADIATION THERAPY,RADIATION THERAPY,,Y,Y,,1.8,,Gy,,5 TIMES PER WEEK,,,LEG,RIGHT,HIND,ENTIRE,,,,,2012-03-21,2012-03-21,50,50,1,,,,,,,,,
Xeno Nimo Hypox;FaDu,PR,N150b071,N150,b,71,,8.0021,,,,,,XRAY;PHOTON,PHOTON BEAM RADIATION THERAPY,RADIATION THERAPY,,Y,Y,,1.8,,Gy,,5 TIMES PER WEEK,,,LEG,RIGHT,HIND,ENTIRE,,,,,2012-03-22,2012-03-22,51,51,1,,,,,,,,,
Xeno Nimo Hypox;FaDu,PR,N150b071,N150,b,71,,8.0022,,,,,,XRAY;PHOTON,PHOTON BEAM RADIATION THERAPY,RADIATION THERAPY,,Y,Y,,1.8,,Gy,,5 TIMES PER WEEK,,,LEG,RIGHT,HIND,ENTIRE,,,,,2012-03-23,2012-03-23,52,52,1,,,,,,,,,
Xeno Nimo Hypox;FaDu,PR,N150b071,N150,b,71,,8.0023,,,,,,XRAY;PHOTON,PHOTON BEAM RADIATION THERAPY,RADIATION THERAPY,,Y,Y,,1.8,,Gy,,5 TIMES PER WEEK,,,LEG,RIGHT,HIND,ENTIRE,,,,,2012-03-26,2012-03-26,55,55,1,,,,,,,,,
Xeno Nimo Hypox;FaDu,PR,N150b071,N150,b,71,,8.0024,,,,,,XRAY;PHOTON,PHOTON BEAM RADIATION THERAPY,RADIATION THERAPY,,Y,Y,,1.8,,Gy,,5 TIMES PER WEEK,,,LEG,RIGHT,HIND,ENTIRE,,,,,2012-03-27,2012-03-27,56,56,1,,,,,,,,,
Xeno Nimo Hypox;FaDu,PR,N150b071,N150,b,71,,8.0025,,,,,,XRAY;PHOTON,PHOTON BEAM RADIATION THERAPY,RADIATION THERAPY,,Y,Y,,1.8,,Gy,,5 TIMES PER WEEK,,,LEG,RIGHT,HIND,ENTIRE,,,,,2012-03-28,2012-03-28,57,57,1,,,,,,,,,
Xeno Nimo Hypox;FaDu,PR,N150b071,N150,b,71,,8.0026,,,,,,XRAY;PHOTON,PHOTON BEAM RADIATION THERAPY,RADIATION THERAPY,,Y,Y,,1.8,,Gy,,5 TIMES PER WEEK,,,LEG,RIGHT,HIND,ENTIRE,,,,,2012-03-29,2012-03-29,58,58,1,,,,,,,,,
Xeno Nimo Hypox;FaDu,PR,N150b071,N150,b,71,,8.0027,,,,,,XRAY;PHOTON,PHOTON BEAM RADIATION THERAPY,RADIATION THERAPY,,Y,Y,,1.8,,Gy,,5 TIMES PER WEEK,,,LEG,RIGHT,HIND,ENTIRE,,,,,2012-03-30,2012-03-30,59,59,1,,,,,,,,,
Xeno Nimo Hypox;FaDu,PR,N150b071,N150,b,71,,8.0028,,,,,,XRAY;PHOTON,PHOTON BEAM RADIATION THERAPY,RADIATION THERAPY,,Y,Y,,1.8,,Gy,,5 TIMES PER WEEK,,,LEG,RIGHT,HIND,ENTIRE,,,,,2012-04-02,2012-04-02,62,62,1,,,,,,,,,
Xeno Nimo Hypox;FaDu,PR,N150b071,N150,b,71,,8.0029,,,,,,XRAY;PHOTON,PHOTON BEAM RADIATION THERAPY,RADIATION THERAPY,,Y,Y,,1.8,,Gy,,5 TIMES PER WEEK,,,LEG,RIGHT,HIND,ENTIRE,,,,,2012-04-03,2012-04-03,63,63,1,,,,,,,,,
Xeno Nimo Hypox;FaDu,PR,N150b071,N150,b,71,,8.003,,,,,,XRAY;PHOTON,PHOTON BEAM RADIATION THERAPY,RADIATION THERAPY,,Y,Y,,1.8,,Gy,,5 TIMES PER WEEK,,,LEG,RIGHT,HIND,ENTIRE,,,,,2012-04-04,2012-04-04,64,64,1,,,,,,,,,
Xeno Nimo Hypox;FaDu,PR,N150b072,N150,b,72,,8.0,,,,,,XRAY;PHOTON,TOTAL BODY IRRADIATION,TBI; Whole Body Irradiation,,Y,Y,,4.0,,Gy,,ONCE,,,BODY,BILATERAL,,ENTIRE,,,,,2012-01-27,2012-01-27,-4,-4,1,,,,,,,,,
Xeno Nimo Hypox;FaDu,PR,N150b072,N150,b,72,,8.0001,,,,,,XRAY;PHOTON,PHOTON BEAM RADIATION THERAPY,RADIATION THERAPY,,Y,Y,,1.8,,Gy,,5 TIMES PER WEEK,,,LEG,RIGHT,HIND,ENTIRE,,,,,2012-02-27,2012-02-27,27,27,1,,,,,,,,,
Xeno Nimo Hypox;FaDu,PR,N150b072,N150,b,72,,8.0002,,,,,,XRAY;PHOTON,PHOTON BEAM RADIATION THERAPY,RADIATION THERAPY,,Y,Y,,1.8,,Gy,,5 TIMES PER WEEK,,,LEG,RIGHT,HIND,ENTIRE,,,,,2012-02-28,2012-02-28,28,28,1,,,,,,,,,
Xeno Nimo Hypox;FaDu,PR,N150b072,N150,b,72,,8.0003,,,,,,XRAY;PHOTON,PHOTON BEAM RADIATION THERAPY,RADIATION THERAPY,,Y,Y,,1.8,,Gy,,5 TIMES PER WEEK,,,LEG,RIGHT,HIND,ENTIRE,,,,,2012-02-29,2012-02-29,29,29,1,,,,,,,,,
Xeno Nimo Hypox;FaDu,PR,N150b072,N150,b,72,,8.0004,,,,,,XRAY;PHOTON,PHOTON BEAM RADIATION THERAPY,RADIATION THERAPY,,Y,Y,,1.8,,Gy,,5 TIMES PER WEEK,,,LEG,RIGHT,HIND,ENTIRE,,,,,2012-03-01,2012-03-01,30,30,1,,,,,,,,,
Xeno Nimo Hypox;FaDu,PR,N150b072,N150,b,72,,8.0005,,,,,,XRAY;PHOTON,PHOTON BEAM RADIATION THERAPY,RADIATION THERAPY,,Y,Y,,1.8,,Gy,,5 TIMES PER WEEK,,,LEG,RIGHT,HIND,ENTIRE,,,,,2012-03-02,2012-03-02,31,31,1,,,,,,,,,
Xeno Nimo Hypox;FaDu,PR,N150b072,N150,b,72,,8.0006,,,,,,XRAY;PHOTON,PHOTON BEAM RADIATION THERAPY,RADIATION THERAPY,,Y,Y,,1.8,,Gy,,5 TIMES PER WEEK,,,LEG,RIGHT,HIND,ENTIRE,,,,,2012-03-05,2012-03-05,34,34,1,,,,,,,,,
Xeno Nimo Hypox;FaDu,PR,N150b072,N150,b,72,,8.0007,,,,,,XRAY;PHOTON,PHOTON BEAM RADIATION THERAPY,RADIATION THERAPY,,Y,Y,,1.8,,Gy,,5 TIMES PER WEEK,,,LEG,RIGHT,HIND,ENTIRE,,,,,2012-03-06,2012-03-06,35,35,1,,,,,,,,,
Xeno Nimo Hypox;FaDu,PR,N150b072,N150,b,72,,8.0008,,,,,,XRAY;PHOTON,PHOTON BEAM RADIATION THERAPY,RADIATION THERAPY,,Y,Y,,1.8,,Gy,,5 TIMES PER WEEK,,,LEG,RIGHT,HIND,ENTIRE,,,,,2012-03-07,2012-03-07,36,36,1,,,,,,,,,
Xeno Nimo Hypox;FaDu,PR,N150b072,N150,b,72,,8.0009,,,,,,XRAY;PHOTON,PHOTON BEAM RADIATION THERAPY,RADIATION THERAPY,,Y,Y,,1.8,,Gy,,5 TIMES PER WEEK,,,LEG,RIGHT,HIND,ENTIRE,,,,,2012-03-08,2012-03-08,37,37,1,,,,,,,,,
Xeno Nimo Hypox;FaDu,PR,N150b072,N150,b,72,,8.001,,,,,,XRAY;PHOTON,PHOTON BEAM RADIATION THERAPY,RADIATION THERAPY,,Y,Y,,1.8,,Gy,,5 TIMES PER WEEK,,,LEG,RIGHT,HIND,ENTIRE,,,,,2012-03-09,2012-03-09,38,38,1,,,,,,,,,
Xeno Nimo Hypox;FaDu,PR,N150b072,N150,b,72,,8.0011,,,,,,XRAY;PHOTON,PHOTON BEAM RADIATION THERAPY,RADIATION THERAPY,,Y,Y,,1.8,,Gy,,5 TIMES PER WEEK,,,LEG,RIGHT,HIND,ENTIRE,,,,,2012-03-12,2012-03-12,41,41,1,,,,,,,,,
Xeno Nimo Hypox;FaDu,PR,N150b072,N150,b,72,,8.0012,,,,,,XRAY;PHOTON,PHOTON BEAM RADIATION THERAPY,RADIATION THERAPY,,Y,Y,,1.8,,Gy,,5 TIMES PER WEEK,,,LEG,RIGHT,HIND,ENTIRE,,,,,2012-03-13,2012-03-13,42,42,1,,,,,,,,,
Xeno Nimo Hypox;FaDu,PR,N150b072,N150,b,72,,8.0013,,,,,,XRAY;PHOTON,PHOTON BEAM RADIATION THERAPY,RADIATION THERAPY,,Y,Y,,1.8,,Gy,,5 TIMES PER WEEK,,,LEG,RIGHT,HIND,ENTIRE,,,,,2012-03-14,2012-03-14,43,43,1,,,,,,,,,
Xeno Nimo Hypox;FaDu,PR,N150b072,N150,b,72,,8.0014,,,,,,XRAY;PHOTON,PHOTON BEAM RADIATION THERAPY,RADIATION THERAPY,,Y,Y,,1.8,,Gy,,5 TIMES PER WEEK,,,LEG,RIGHT,HIND,ENTIRE,,,,,2012-03-15,2012-03-15,44,44,1,,,,,,,,,
Xeno Nimo Hypox;FaDu,PR,N150b072,N150,b,72,,8.0015,,,,,,XRAY;PHOTON,PHOTON BEAM RADIATION THERAPY,RADIATION THERAPY,,Y,Y,,1.8,,Gy,,5 TIMES PER WEEK,,,LEG,RIGHT,HIND,ENTIRE,,,,,2012-03-16,2012-03-16,45,45,1,,,,,,,,,
Xeno Nimo Hypox;FaDu,PR,N150b072,N150,b,72,,8.0016,,,,,,XRAY;PHOTON,PHOTON BEAM RADIATION THERAPY,RADIATION THERAPY,,Y,Y,,1.8,,Gy,,5 TIMES PER WEEK,,,LEG,RIGHT,HIND,ENTIRE,,,,,2012-03-19,2012-03-19,48,48,1,,,,,,,,,
Xeno Nimo Hypox;FaDu,PR,N150b072,N150,b,72,,8.0017,,,,,,XRAY;PHOTON,PHOTON BEAM RADIATION THERAPY,RADIATION THERAPY,,Y,Y,,1.8,,Gy,,5 TIMES PER WEEK,,,LEG,RIGHT,HIND,ENTIRE,,,,,2012-03-20,2012-03-20,49,49,1,,,,,,,,,
Xeno Nimo Hypox;FaDu,PR,N150b072,N150,b,72,,8.0018,,,,,,XRAY;PHOTON,PHOTON BEAM RADIATION THERAPY,RADIATION THERAPY,,Y,Y,,1.8,,Gy,,5 TIMES PER WEEK,,,LEG,RIGHT,HIND,ENTIRE,,,,,2012-03-21,2012-03-21,50,50,1,,,,,,,,,
Xeno Nimo Hypox;FaDu,PR,N150b072,N150,b,72,,8.0019,,,,,,XRAY;PHOTON,PHOTON BEAM RADIATION THERAPY,RADIATION THERAPY,,Y,Y,,1.8,,Gy,,5 TIMES PER WEEK,,,LEG,RIGHT,HIND,ENTIRE,,,,,2012-03-22,2012-03-22,51,51,1,,,,,,,,,
Xeno Nimo Hypox;FaDu,PR,N150b072,N150,b,72,,8.002,,,,,,XRAY;PHOTON,PHOTON BEAM RADIATION THERAPY,RADIATION THERAPY,,Y,Y,,1.8,,Gy,,5 TIMES PER WEEK,,,LEG,RIGHT,HIND,ENTIRE,,,,,2012-03-23,2012-03-23,52,52,1,,,,,,,,,
Xeno Nimo Hypox;FaDu,PR,N150b072,N150,b,72,,8.0021,,,,,,XRAY;PHOTON,PHOTON BEAM RADIATION THERAPY,RADIATION THERAPY,,Y,Y,,1.8,,Gy,,5 TIMES PER WEEK,,,LEG,RIGHT,HIND,ENTIRE,,,,,2012-03-26,2012-03-26,55,55,1,,,,,,,,,
Xeno Nimo Hypox;FaDu,PR,N150b072,N150,b,72,,8.0022,,,,,,XRAY;PHOTON,PHOTON BEAM RADIATION THERAPY,RADIATION THERAPY,,Y,Y,,1.8,,Gy,,5 TIMES PER WEEK,,,LEG,RIGHT,HIND,ENTIRE,,,,,2012-03-27,2012-03-27,56,56,1,,,,,,,,,
Xeno Nimo Hypox;FaDu,PR,N150b072,N150,b,72,,8.0023,,,,,,XRAY;PHOTON,PHOTON BEAM RADIATION THERAPY,RADIATION THERAPY,,Y,Y,,1.8,,Gy,,5 TIMES PER WEEK,,,LEG,RIGHT,HIND,ENTIRE,,,,,2012-03-28,2012-03-28,57,57,1,,,,,,,,,
Xeno Nimo Hypox;FaDu,PR,N150b072,N150,b,72,,8.0024,,,,,,XRAY;PHOTON,PHOTON BEAM RADIATION THERAPY,RADIATION THERAPY,,Y,Y,,1.8,,Gy,,5 TIMES PER WEEK,,,LEG,RIGHT,HIND,ENTIRE,,,,,2012-03-29,2012-03-29,58,58,1,,,,,,,,,
Xeno Nimo Hypox;FaDu,PR,N150b072,N150,b,72,,8.0025,,,,,,XRAY;PHOTON,PHOTON BEAM RADIATION THERAPY,RADIATION THERAPY,,Y,Y,,1.8,,Gy,,5 TIMES PER WEEK,,,LEG,RIGHT,HIND,ENTIRE,,,,,2012-03-30,2012-03-30,59,59,1,,,,,,,,,
Xeno Nimo Hypox;FaDu,PR,N150b072,N150,b,72,,8.0026,,,,,,XRAY;PHOTON,PHOTON BEAM RADIATION THERAPY,RADIATION THERAPY,,Y,Y,,1.8,,Gy,,5 TIMES PER WEEK,,,LEG,RIGHT,HIND,ENTIRE,,,,,2012-04-02,2012-04-02,62,62,1,,,,,,,,,
Xeno Nimo Hypox;FaDu,PR,N150b072,N150,b,72,,8.0027,,,,,,XRAY;PHOTON,PHOTON BEAM RADIATION THERAPY,RADIATION THERAPY,,Y,Y,,1.8,,Gy,,5 TIMES PER WEEK,,,LEG,RIGHT,HIND,ENTIRE,,,,,2012-04-03,2012-04-03,63,63,1,,,,,,,,,
Xeno Nimo Hypox;FaDu,PR,N150b072,N150,b,72,,8.0028,,,,,,XRAY;PHOTON,PHOTON BEAM RADIATION THERAPY,RADIATION THERAPY,,Y,Y,,1.8,,Gy,,5 TIMES PER WEEK,,,LEG,RIGHT,HIND,ENTIRE,,,,,2012-04-04,2012-04-04,64,64,1,,,,,,,,,
Xeno Nimo Hypox;FaDu,PR,N150b072,N150,b,72,,8.0029,,,,,,XRAY;PHOTON,PHOTON BEAM RADIATION THERAPY,RADIATION THERAPY,,Y,Y,,1.8,,Gy,,5 TIMES PER WEEK,,,LEG,RIGHT,HIND,ENTIRE,,,,,2012-04-05,2012-04-05,65,65,1,,,,,,,,,
Xeno Nimo Hypox;FaDu,PR,N150b072,N150,b,72,,8.003,,,,,,XRAY;PHOTON,PHOTON BEAM RADIATION THERAPY,RADIATION THERAPY,,Y,Y,,1.8,,Gy,,5 TIMES PER WEEK,,,LEG,RIGHT,HIND,ENTIRE,,,,,2012-04-06,2012-04-06,66,66,1,,,,,,,,,
Xeno Nimo Hypox;FaDu,PR,N150b087,N150,b,87,,8.0,,,,,,XRAY;PHOTON,TOTAL BODY IRRADIATION,TBI; Whole Body Irradiation,,Y,Y,,4.0,,Gy,,ONCE,,,BODY,BILATERAL,,ENTIRE,,,,,2012-01-27,2012-01-27,-4,-4,1,,,,,,,,,
Xeno Nimo Hypox;FaDu,PR,N150b087,N150,b,87,,8.0001,,,,,,XRAY;PHOTON,PHOTON BEAM RADIATION THERAPY,RADIATION THERAPY,,Y,Y,,1.8,,Gy,,5 TIMES PER WEEK,,,LEG,RIGHT,HIND,ENTIRE,,,,,2012-02-23,2012-02-23,23,23,1,,,,,,,,,
Xeno Nimo Hypox;FaDu,PR,N150b087,N150,b,87,,8.0002,,,,,,XRAY;PHOTON,PHOTON BEAM RADIATION THERAPY,RADIATION THERAPY,,Y,Y,,1.8,,Gy,,5 TIMES PER WEEK,,,LEG,RIGHT,HIND,ENTIRE,,,,,2012-02-24,2012-02-24,24,24,1,,,,,,,,,
Xeno Nimo Hypox;FaDu,PR,N150b087,N150,b,87,,8.0003,,,,,,XRAY;PHOTON,PHOTON BEAM RADIATION THERAPY,RADIATION THERAPY,,Y,Y,,1.8,,Gy,,5 TIMES PER WEEK,,,LEG,RIGHT,HIND,ENTIRE,,,,,2012-02-27,2012-02-27,27,27,1,,,,,,,,,
Xeno Nimo Hypox;FaDu,PR,N150b087,N150,b,87,,8.0004,,,,,,XRAY;PHOTON,PHOTON BEAM RADIATION THERAPY,RADIATION THERAPY,,Y,Y,,1.8,,Gy,,5 TIMES PER WEEK,,,LEG,RIGHT,HIND,ENTIRE,,,,,2012-02-28,2012-02-28,28,28,1,,,,,,,,,
Xeno Nimo Hypox;FaDu,PR,N150b087,N150,b,87,,8.0005,,,,,,XRAY;PHOTON,PHOTON BEAM RADIATION THERAPY,RADIATION THERAPY,,Y,Y,,1.8,,Gy,,5 TIMES PER WEEK,,,LEG,RIGHT,HIND,ENTIRE,,,,,2012-02-29,2012-02-29,29,29,1,,,,,,,,,
Xeno Nimo Hypox;FaDu,PR,N150b087,N150,b,87,,8.0006,,,,,,XRAY;PHOTON,PHOTON BEAM RADIATION THERAPY,RADIATION THERAPY,,Y,Y,,1.8,,Gy,,5 TIMES PER WEEK,,,LEG,RIGHT,HIND,ENTIRE,,,,,2012-03-01,2012-03-01,30,30,1,,,,,,,,,
Xeno Nimo Hypox;FaDu,PR,N150b087,N150,b,87,,8.0007,,,,,,XRAY;PHOTON,PHOTON BEAM RADIATION THERAPY,RADIATION THERAPY,,Y,Y,,1.8,,Gy,,5 TIMES PER WEEK,,,LEG,RIGHT,HIND,ENTIRE,,,,,2012-03-02,2012-03-02,31,31,1,,,,,,,,,
Xeno Nimo Hypox;FaDu,PR,N150b087,N150,b,87,,8.0008,,,,,,XRAY;PHOTON,PHOTON BEAM RADIATION THERAPY,RADIATION THERAPY,,Y,Y,,1.8,,Gy,,5 TIMES PER WEEK,,,LEG,RIGHT,HIND,ENTIRE,,,,,2012-03-05,2012-03-05,34,34,1,,,,,,,,,
Xeno Nimo Hypox;FaDu,PR,N150b087,N150,b,87,,8.0009,,,,,,XRAY;PHOTON,PHOTON BEAM RADIATION THERAPY,RADIATION THERAPY,,Y,Y,,1.8,,Gy,,5 TIMES PER WEEK,,,LEG,RIGHT,HIND,ENTIRE,,,,,2012-03-06,2012-03-06,35,35,1,,,,,,,,,
Xeno Nimo Hypox;FaDu,PR,N150b087,N150,b,87,,8.001,,,,,,XRAY;PHOTON,PHOTON BEAM RADIATION THERAPY,RADIATION THERAPY,,Y,Y,,1.8,,Gy,,5 TIMES PER WEEK,,,LEG,RIGHT,HIND,ENTIRE,,,,,2012-03-07,2012-03-07,36,36,1,,,,,,,,,
Xeno Nimo Hypox;FaDu,PR,N150b087,N150,b,87,,8.0011,,,,,,XRAY;PHOTON,PHOTON BEAM RADIATION THERAPY,RADIATION THERAPY,,Y,Y,,1.8,,Gy,,5 TIMES PER WEEK,,,LEG,RIGHT,HIND,ENTIRE,,,,,2012-03-08,2012-03-08,37,37,1,,,,,,,,,
Xeno Nimo Hypox;FaDu,PR,N150b087,N150,b,87,,8.0012,,,,,,XRAY;PHOTON,PHOTON BEAM RADIATION THERAPY,RADIATION THERAPY,,Y,Y,,1.8,,Gy,,5 TIMES PER WEEK,,,LEG,RIGHT,HIND,ENTIRE,,,,,2012-03-09,2012-03-09,38,38,1,,,,,,,,,
Xeno Nimo Hypox;FaDu,PR,N150b087,N150,b,87,,8.0013,,,,,,XRAY;PHOTON,PHOTON BEAM RADIATION THERAPY,RADIATION THERAPY,,Y,Y,,1.8,,Gy,,5 TIMES PER WEEK,,,LEG,RIGHT,HIND,ENTIRE,,,,,2012-03-12,2012-03-12,41,41,1,,,,,,,,,
Xeno Nimo Hypox;FaDu,PR,N150b087,N150,b,87,,8.0014,,,,,,XRAY;PHOTON,PHOTON BEAM RADIATION THERAPY,RADIATION THERAPY,,Y,Y,,1.8,,Gy,,5 TIMES PER WEEK,,,LEG,RIGHT,HIND,ENTIRE,,,,,2012-03-13,2012-03-13,42,42,1,,,,,,,,,
Xeno Nimo Hypox;FaDu,PR,N150b087,N150,b,87,,8.0015,,,,,,XRAY;PHOTON,PHOTON BEAM RADIATION THERAPY,RADIATION THERAPY,,Y,Y,,1.8,,Gy,,5 TIMES PER WEEK,,,LEG,RIGHT,HIND,ENTIRE,,,,,2012-03-14,2012-03-14,43,43,1,,,,,,,,,
Xeno Nimo Hypox;FaDu,PR,N150b087,N150,b,87,,8.0016,,,,,,XRAY;PHOTON,PHOTON BEAM RADIATION THERAPY,RADIATION THERAPY,,Y,Y,,1.8,,Gy,,5 TIMES PER WEEK,,,LEG,RIGHT,HIND,ENTIRE,,,,,2012-03-15,2012-03-15,44,44,1,,,,,,,,,
Xeno Nimo Hypox;FaDu,PR,N150b087,N150,b,87,,8.0017,,,,,,XRAY;PHOTON,PHOTON BEAM RADIATION THERAPY,RADIATION THERAPY,,Y,Y,,1.8,,Gy,,5 TIMES PER WEEK,,,LEG,RIGHT,HIND,ENTIRE,,,,,2012-03-16,2012-03-16,45,45,1,,,,,,,,,
Xeno Nimo Hypox;FaDu,PR,N150b087,N150,b,87,,8.0018,,,,,,XRAY;PHOTON,PHOTON BEAM RADIATION THERAPY,RADIATION THERAPY,,Y,Y,,1.8,,Gy,,5 TIMES PER WEEK,,,LEG,RIGHT,HIND,ENTIRE,,,,,2012-03-19,2012-03-19,48,48,1,,,,,,,,,
Xeno Nimo Hypox;FaDu,PR,N150b087,N150,b,87,,8.0019,,,,,,XRAY;PHOTON,PHOTON BEAM RADIATION THERAPY,RADIATION THERAPY,,Y,Y,,1.8,,Gy,,5 TIMES PER WEEK,,,LEG,RIGHT,HIND,ENTIRE,,,,,2012-03-20,2012-03-20,49,49,1,,,,,,,,,
Xeno Nimo Hypox;FaDu,PR,N150b087,N150,b,87,,8.002,,,,,,XRAY;PHOTON,PHOTON BEAM RADIATION THERAPY,RADIATION THERAPY,,Y,Y,,1.8,,Gy,,5 TIMES PER WEEK,,,LEG,RIGHT,HIND,ENTIRE,,,,,2012-03-21,2012-03-21,50,50,1,,,,,,,,,
Xeno Nimo Hypox;FaDu,PR,N150b087,N150,b,87,,8.0021,,,,,,XRAY;PHOTON,PHOTON BEAM RADIATION THERAPY,RADIATION THERAPY,,Y,Y,,1.8,,Gy,,5 TIMES PER WEEK,,,LEG,RIGHT,HIND,ENTIRE,,,,,2012-03-22,2012-03-22,51,51,1,,,,,,,,,
Xeno Nimo Hypox;FaDu,PR,N150b087,N150,b,87,,8.0022,,,,,,XRAY;PHOTON,PHOTON BEAM RADIATION THERAPY,RADIATION THERAPY,,Y,Y,,1.8,,Gy,,5 TIMES PER WEEK,,,LEG,RIGHT,HIND,ENTIRE,,,,,2012-03-23,2012-03-23,52,52,1,,,,,,,,,
Xeno Nimo Hypox;FaDu,PR,N150b087,N150,b,87,,8.0023,,,,,,XRAY;PHOTON,PHOTON BEAM RADIATION THERAPY,RADIATION THERAPY,,Y,Y,,1.8,,Gy,,5 TIMES PER WEEK,,,LEG,RIGHT,HIND,ENTIRE,,,,,2012-03-26,2012-03-26,55,55,1,,,,,,,,,
Xeno Nimo Hypox;FaDu,PR,N150b087,N150,b,87,,8.0024,,,,,,XRAY;PHOTON,PHOTON BEAM RADIATION THERAPY,RADIATION THERAPY,,Y,Y,,1.8,,Gy,,5 TIMES PER WEEK,,,LEG,RIGHT,HIND,ENTIRE,,,,,2012-03-27,2012-03-27,56,56,1,,,,,,,,,
Xeno Nimo Hypox;FaDu,PR,N150b087,N150,b,87,,8.0025,,,,,,XRAY;PHOTON,PHOTON BEAM RADIATION THERAPY,RADIATION THERAPY,,Y,Y,,1.8,,Gy,,5 TIMES PER WEEK,,,LEG,RIGHT,HIND,ENTIRE,,,,,2012-03-28,2012-03-28,57,57,1,,,,,,,,,
Xeno Nimo Hypox;FaDu,PR,N150b087,N150,b,87,,8.0026,,,,,,XRAY;PHOTON,PHOTON BEAM RADIATION THERAPY,RADIATION THERAPY,,Y,Y,,1.8,,Gy,,5 TIMES PER WEEK,,,LEG,RIGHT,HIND,ENTIRE,,,,,2012-03-29,2012-03-29,58,58,1,,,,,,,,,
Xeno Nimo Hypox;FaDu,PR,N150b087,N150,b,87,,8.0027,,,,,,XRAY;PHOTON,PHOTON BEAM RADIATION THERAPY,RADIATION THERAPY,,Y,Y,,1.8,,Gy,,5 TIMES PER WEEK,,,LEG,RIGHT,HIND,ENTIRE,,,,,2012-03-30,2012-03-30,59,59,1,,,,,,,,,
Xeno Nimo Hypox;FaDu,PR,N150b087,N150,b,87,,8.0028,,,,,,XRAY;PHOTON,PHOTON BEAM RADIATION THERAPY,RADIATION THERAPY,,Y,Y,,1.8,,Gy,,5 TIMES PER WEEK,,,LEG,RIGHT,HIND,ENTIRE,,,,,2012-04-02,2012-04-02,62,62,1,,,,,,,,,
Xeno Nimo Hypox;FaDu,PR,N150b087,N150,b,87,,8.0029,,,,,,XRAY;PHOTON,PHOTON BEAM RADIATION THERAPY,RADIATION THERAPY,,Y,Y,,1.8,,Gy,,5 TIMES PER WEEK,,,LEG,RIGHT,HIND,ENTIRE,,,,,2012-04-03,2012-04-03,63,63,1,,,,,,,,,
Xeno Nimo Hypox;FaDu,PR,N150b087,N150,b,87,,8.003,,,,,,XRAY;PHOTON,PHOTON BEAM RADIATION THERAPY,RADIATION THERAPY,,Y,Y,,1.8,,Gy,,5 TIMES PER WEEK,,,LEG,RIGHT,HIND,ENTIRE,,,,,2012-04-04,2012-04-04,64,64,1,,,,,,,,,
Xeno Nimo Hypox;FaDu,PR,N150b088,N150,b,88,,8.0,,,,,,XRAY;PHOTON,TOTAL BODY IRRADIATION,TBI; Whole Body Irradiation,,Y,Y,,4.0,,Gy,,ONCE,,,BODY,BILATERAL,,ENTIRE,,,,,2012-01-27,2012-01-27,-4,-4,1,,,,,,,,,
Xeno Nimo Hypox;FaDu,PR,N150b088,N150,b,88,,8.0001,,,,,,XRAY;PHOTON,PHOTON BEAM RADIATION THERAPY,RADIATION THERAPY,,Y,Y,,1.8,,Gy,,5 TIMES PER WEEK,,,LEG,RIGHT,HIND,ENTIRE,,,,,2012-02-27,2012-02-27,27,27,1,,,,,,,,,
Xeno Nimo Hypox;FaDu,PR,N150b088,N150,b,88,,8.0002,,,,,,XRAY;PHOTON,PHOTON BEAM RADIATION THERAPY,RADIATION THERAPY,,Y,Y,,1.8,,Gy,,5 TIMES PER WEEK,,,LEG,RIGHT,HIND,ENTIRE,,,,,2012-02-28,2012-02-28,28,28,1,,,,,,,,,
Xeno Nimo Hypox;FaDu,PR,N150b088,N150,b,88,,8.0003,,,,,,XRAY;PHOTON,PHOTON BEAM RADIATION THERAPY,RADIATION THERAPY,,Y,Y,,1.8,,Gy,,5 TIMES PER WEEK,,,LEG,RIGHT,HIND,ENTIRE,,,,,2012-02-29,2012-02-29,29,29,1,,,,,,,,,
Xeno Nimo Hypox;FaDu,PR,N150b088,N150,b,88,,8.0004,,,,,,XRAY;PHOTON,PHOTON BEAM RADIATION THERAPY,RADIATION THERAPY,,Y,Y,,1.8,,Gy,,5 TIMES PER WEEK,,,LEG,RIGHT,HIND,ENTIRE,,,,,2012-03-01,2012-03-01,30,30,1,,,,,,,,,
Xeno Nimo Hypox;FaDu,PR,N150b088,N150,b,88,,8.0005,,,,,,XRAY;PHOTON,PHOTON BEAM RADIATION THERAPY,RADIATION THERAPY,,Y,Y,,1.8,,Gy,,5 TIMES PER WEEK,,,LEG,RIGHT,HIND,ENTIRE,,,,,2012-03-02,2012-03-02,31,31,1,,,,,,,,,
Xeno Nimo Hypox;FaDu,PR,N150b088,N150,b,88,,8.0006,,,,,,XRAY;PHOTON,PHOTON BEAM RADIATION THERAPY,RADIATION THERAPY,,Y,Y,,1.8,,Gy,,5 TIMES PER WEEK,,,LEG,RIGHT,HIND,ENTIRE,,,,,2012-03-05,2012-03-05,34,34,1,,,,,,,,,
Xeno Nimo Hypox;FaDu,PR,N150b088,N150,b,88,,8.0007,,,,,,XRAY;PHOTON,PHOTON BEAM RADIATION THERAPY,RADIATION THERAPY,,Y,Y,,1.8,,Gy,,5 TIMES PER WEEK,,,LEG,RIGHT,HIND,ENTIRE,,,,,2012-03-06,2012-03-06,35,35,1,,,,,,,,,
Xeno Nimo Hypox;FaDu,PR,N150b088,N150,b,88,,8.0008,,,,,,XRAY;PHOTON,PHOTON BEAM RADIATION THERAPY,RADIATION THERAPY,,Y,Y,,1.8,,Gy,,5 TIMES PER WEEK,,,LEG,RIGHT,HIND,ENTIRE,,,,,2012-03-07,2012-03-07,36,36,1,,,,,,,,,
Xeno Nimo Hypox;FaDu,PR,N150b088,N150,b,88,,8.0009,,,,,,XRAY;PHOTON,PHOTON BEAM RADIATION THERAPY,RADIATION THERAPY,,Y,Y,,1.8,,Gy,,5 TIMES PER WEEK,,,LEG,RIGHT,HIND,ENTIRE,,,,,2012-03-08,2012-03-08,37,37,1,,,,,,,,,
Xeno Nimo Hypox;FaDu,PR,N150b088,N150,b,88,,8.001,,,,,,XRAY;PHOTON,PHOTON BEAM RADIATION THERAPY,RADIATION THERAPY,,Y,Y,,1.8,,Gy,,5 TIMES PER WEEK,,,LEG,RIGHT,HIND,ENTIRE,,,,,2012-03-09,2012-03-09,38,38,1,,,,,,,,,
Xeno Nimo Hypox;FaDu,PR,N150b088,N150,b,88,,8.0011,,,,,,XRAY;PHOTON,PHOTON BEAM RADIATION THERAPY,RADIATION THERAPY,,Y,Y,,1.8,,Gy,,5 TIMES PER WEEK,,,LEG,RIGHT,HIND,ENTIRE,,,,,2012-03-12,2012-03-12,41,41,1,,,,,,,,,
Xeno Nimo Hypox;FaDu,PR,N150b088,N150,b,88,,8.0012,,,,,,XRAY;PHOTON,PHOTON BEAM RADIATION THERAPY,RADIATION THERAPY,,Y,Y,,1.8,,Gy,,5 TIMES PER WEEK,,,LEG,RIGHT,HIND,ENTIRE,,,,,2012-03-13,2012-03-13,42,42,1,,,,,,,,,
Xeno Nimo Hypox;FaDu,PR,N150b088,N150,b,88,,8.0013,,,,,,XRAY;PHOTON,PHOTON BEAM RADIATION THERAPY,RADIATION THERAPY,,Y,Y,,1.8,,Gy,,5 TIMES PER WEEK,,,LEG,RIGHT,HIND,ENTIRE,,,,,2012-03-14,2012-03-14,43,43,1,,,,,,,,,
Xeno Nimo Hypox;FaDu,PR,N150b088,N150,b,88,,8.0014,,,,,,XRAY;PHOTON,PHOTON BEAM RADIATION THERAPY,RADIATION THERAPY,,Y,Y,,1.8,,Gy,,5 TIMES PER WEEK,,,LEG,RIGHT,HIND,ENTIRE,,,,,2012-03-15,2012-03-15,44,44,1,,,,,,,,,
Xeno Nimo Hypox;FaDu,PR,N150b088,N150,b,88,,8.0015,,,,,,XRAY;PHOTON,PHOTON BEAM RADIATION THERAPY,RADIATION THERAPY,,Y,Y,,1.8,,Gy,,5 TIMES PER WEEK,,,LEG,RIGHT,HIND,ENTIRE,,,,,2012-03-16,2012-03-16,45,45,1,,,,,,,,,
Xeno Nimo Hypox;FaDu,PR,N150b088,N150,b,88,,8.0016,,,,,,XRAY;PHOTON,PHOTON BEAM RADIATION THERAPY,RADIATION THERAPY,,Y,Y,,1.8,,Gy,,5 TIMES PER WEEK,,,LEG,RIGHT,HIND,ENTIRE,,,,,2012-03-19,2012-03-19,48,48,1,,,,,,,,,
Xeno Nimo Hypox;FaDu,PR,N150b088,N150,b,88,,8.0017,,,,,,XRAY;PHOTON,PHOTON BEAM RADIATION THERAPY,RADIATION THERAPY,,Y,Y,,1.8,,Gy,,5 TIMES PER WEEK,,,LEG,RIGHT,HIND,ENTIRE,,,,,2012-03-20,2012-03-20,49,49,1,,,,,,,,,
Xeno Nimo Hypox;FaDu,PR,N150b088,N150,b,88,,8.0018,,,,,,XRAY;PHOTON,PHOTON BEAM RADIATION THERAPY,RADIATION THERAPY,,Y,Y,,1.8,,Gy,,5 TIMES PER WEEK,,,LEG,RIGHT,HIND,ENTIRE,,,,,2012-03-21,2012-03-21,50,50,1,,,,,,,,,
Xeno Nimo Hypox;FaDu,PR,N150b088,N150,b,88,,8.0019,,,,,,XRAY;PHOTON,PHOTON BEAM RADIATION THERAPY,RADIATION THERAPY,,Y,Y,,1.8,,Gy,,5 TIMES PER WEEK,,,LEG,RIGHT,HIND,ENTIRE,,,,,2012-03-22,2012-03-22,51,51,1,,,,,,,,,
Xeno Nimo Hypox;FaDu,PR,N150b088,N150,b,88,,8.002,,,,,,XRAY;PHOTON,PHOTON BEAM RADIATION THERAPY,RADIATION THERAPY,,Y,Y,,1.8,,Gy,,5 TIMES PER WEEK,,,LEG,RIGHT,HIND,ENTIRE,,,,,2012-03-23,2012-03-23,52,52,1,,,,,,,,,
Xeno Nimo Hypox;FaDu,PR,N150b088,N150,b,88,,8.0021,,,,,,XRAY;PHOTON,PHOTON BEAM RADIATION THERAPY,RADIATION THERAPY,,Y,Y,,1.8,,Gy,,5 TIMES PER WEEK,,,LEG,RIGHT,HIND,ENTIRE,,,,,2012-03-26,2012-03-26,55,55,1,,,,,,,,,
Xeno Nimo Hypox;FaDu,PR,N150b088,N150,b,88,,8.0022,,,,,,XRAY;PHOTON,PHOTON BEAM RADIATION THERAPY,RADIATION THERAPY,,Y,Y,,1.8,,Gy,,5 TIMES PER WEEK,,,LEG,RIGHT,HIND,ENTIRE,,,,,2012-03-27,2012-03-27,56,56,1,,,,,,,,,
Xeno Nimo Hypox;FaDu,PR,N150b088,N150,b,88,,8.0023,,,,,,XRAY;PHOTON,PHOTON BEAM RADIATION THERAPY,RADIATION THERAPY,,Y,Y,,1.8,,Gy,,5 TIMES PER WEEK,,,LEG,RIGHT,HIND,ENTIRE,,,,,2012-03-28,2012-03-28,57,57,1,,,,,,,,,
Xeno Nimo Hypox;FaDu,PR,N150b088,N150,b,88,,8.0024,,,,,,XRAY;PHOTON,PHOTON BEAM RADIATION THERAPY,RADIATION THERAPY,,Y,Y,,1.8,,Gy,,5 TIMES PER WEEK,,,LEG,RIGHT,HIND,ENTIRE,,,,,2012-03-29,2012-03-29,58,58,1,,,,,,,,,
Xeno Nimo Hypox;FaDu,PR,N150b088,N150,b,88,,8.0025,,,,,,XRAY;PHOTON,PHOTON BEAM RADIATION THERAPY,RADIATION THERAPY,,Y,Y,,1.8,,Gy,,5 TIMES PER WEEK,,,LEG,RIGHT,HIND,ENTIRE,,,,,2012-03-30,2012-03-30,59,59,1,,,,,,,,,
Xeno Nimo Hypox;FaDu,PR,N150b088,N150,b,88,,8.0026,,,,,,XRAY;PHOTON,PHOTON BEAM RADIATION THERAPY,RADIATION THERAPY,,Y,Y,,1.8,,Gy,,5 TIMES PER WEEK,,,LEG,RIGHT,HIND,ENTIRE,,,,,2012-04-02,2012-04-02,62,62,1,,,,,,,,,
Xeno Nimo Hypox;FaDu,PR,N150b088,N150,b,88,,8.0027,,,,,,XRAY;PHOTON,PHOTON BEAM RADIATION THERAPY,RADIATION THERAPY,,Y,Y,,1.8,,Gy,,5 TIMES PER WEEK,,,LEG,RIGHT,HIND,ENTIRE,,,,,2012-04-03,2012-04-03,63,63,1,,,,,,,,,
Xeno Nimo Hypox;FaDu,PR,N150b088,N150,b,88,,8.0028,,,,,,XRAY;PHOTON,PHOTON BEAM RADIATION THERAPY,RADIATION THERAPY,,Y,Y,,1.8,,Gy,,5 TIMES PER WEEK,,,LEG,RIGHT,HIND,ENTIRE,,,,,2012-04-04,2012-04-04,64,64,1,,,,,,,,,
Xeno Nimo Hypox;FaDu,PR,N150b088,N150,b,88,,8.0029,,,,,,XRAY;PHOTON,PHOTON BEAM RADIATION THERAPY,RADIATION THERAPY,,Y,Y,,1.8,,Gy,,5 TIMES PER WEEK,,,LEG,RIGHT,HIND,ENTIRE,,,,,2012-04-05,2012-04-05,65,65,1,,,,,,,,,
Xeno Nimo Hypox;FaDu,PR,N150b088,N150,b,88,,8.003,,,,,,XRAY;PHOTON,PHOTON BEAM RADIATION THERAPY,RADIATION THERAPY,,Y,Y,,1.8,,Gy,,5 TIMES PER WEEK,,,LEG,RIGHT,HIND,ENTIRE,,,,,2012-04-06,2012-04-06,66,66,1,,,,,,,,,
Xeno Nimo Hypox;FaDu,PR,N150b089,N150,b,89,,8.0,,,,,,XRAY;PHOTON,TOTAL BODY IRRADIATION,TBI; Whole Body Irradiation,,Y,Y,,4.0,,Gy,,ONCE,,,BODY,BILATERAL,,ENTIRE,,,,,2012-01-27,2012-01-27,-4,-4,1,,,,,,,,,
Xeno Nimo Hypox;FaDu,PR,N150b089,N150,b,89,,8.0001,,,,,,XRAY;PHOTON,PHOTON BEAM RADIATION THERAPY,RADIATION THERAPY,,Y,Y,,1.8,,Gy,,5 TIMES PER WEEK,,,LEG,RIGHT,HIND,ENTIRE,,,,,2012-02-27,2012-02-27,27,27,1,,,,,,,,,
Xeno Nimo Hypox;FaDu,PR,N150b089,N150,b,89,,8.0002,,,,,,XRAY;PHOTON,PHOTON BEAM RADIATION THERAPY,RADIATION THERAPY,,Y,Y,,1.8,,Gy,,5 TIMES PER WEEK,,,LEG,RIGHT,HIND,ENTIRE,,,,,2012-02-28,2012-02-28,28,28,1,,,,,,,,,
Xeno Nimo Hypox;FaDu,PR,N150b089,N150,b,89,,8.0003,,,,,,XRAY;PHOTON,PHOTON BEAM RADIATION THERAPY,RADIATION THERAPY,,Y,Y,,1.8,,Gy,,5 TIMES PER WEEK,,,LEG,RIGHT,HIND,ENTIRE,,,,,2012-02-29,2012-02-29,29,29,1,,,,,,,,,
Xeno Nimo Hypox;FaDu,PR,N150b089,N150,b,89,,8.0004,,,,,,XRAY;PHOTON,PHOTON BEAM RADIATION THERAPY,RADIATION THERAPY,,Y,Y,,1.8,,Gy,,5 TIMES PER WEEK,,,LEG,RIGHT,HIND,ENTIRE,,,,,2012-03-01,2012-03-01,30,30,1,,,,,,,,,
Xeno Nimo Hypox;FaDu,PR,N150b089,N150,b,89,,8.0005,,,,,,XRAY;PHOTON,PHOTON BEAM RADIATION THERAPY,RADIATION THERAPY,,Y,Y,,1.8,,Gy,,5 TIMES PER WEEK,,,LEG,RIGHT,HIND,ENTIRE,,,,,2012-03-02,2012-03-02,31,31,1,,,,,,,,,
Xeno Nimo Hypox;FaDu,PR,N150b089,N150,b,89,,8.0006,,,,,,XRAY;PHOTON,PHOTON BEAM RADIATION THERAPY,RADIATION THERAPY,,Y,Y,,1.8,,Gy,,5 TIMES PER WEEK,,,LEG,RIGHT,HIND,ENTIRE,,,,,2012-03-05,2012-03-05,34,34,1,,,,,,,,,
Xeno Nimo Hypox;FaDu,PR,N150b089,N150,b,89,,8.0007,,,,,,XRAY;PHOTON,PHOTON BEAM RADIATION THERAPY,RADIATION THERAPY,,Y,Y,,1.8,,Gy,,5 TIMES PER WEEK,,,LEG,RIGHT,HIND,ENTIRE,,,,,2012-03-06,2012-03-06,35,35,1,,,,,,,,,
Xeno Nimo Hypox;FaDu,PR,N150b089,N150,b,89,,8.0008,,,,,,XRAY;PHOTON,PHOTON BEAM RADIATION THERAPY,RADIATION THERAPY,,Y,Y,,1.8,,Gy,,5 TIMES PER WEEK,,,LEG,RIGHT,HIND,ENTIRE,,,,,2012-03-07,2012-03-07,36,36,1,,,,,,,,,
Xeno Nimo Hypox;FaDu,PR,N150b089,N150,b,89,,8.0009,,,,,,XRAY;PHOTON,PHOTON BEAM RADIATION THERAPY,RADIATION THERAPY,,Y,Y,,1.8,,Gy,,5 TIMES PER WEEK,,,LEG,RIGHT,HIND,ENTIRE,,,,,2012-03-08,2012-03-08,37,37,1,,,,,,,,,
Xeno Nimo Hypox;FaDu,PR,N150b089,N150,b,89,,8.001,,,,,,XRAY;PHOTON,PHOTON BEAM RADIATION THERAPY,RADIATION THERAPY,,Y,Y,,1.8,,Gy,,5 TIMES PER WEEK,,,LEG,RIGHT,HIND,ENTIRE,,,,,2012-03-09,2012-03-09,38,38,1,,,,,,,,,
Xeno Nimo Hypox;FaDu,PR,N150b089,N150,b,89,,8.0011,,,,,,XRAY;PHOTON,PHOTON BEAM RADIATION THERAPY,RADIATION THERAPY,,Y,Y,,1.8,,Gy,,5 TIMES PER WEEK,,,LEG,RIGHT,HIND,ENTIRE,,,,,2012-03-12,2012-03-12,41,41,1,,,,,,,,,
Xeno Nimo Hypox;FaDu,PR,N150b089,N150,b,89,,8.0012,,,,,,XRAY;PHOTON,PHOTON BEAM RADIATION THERAPY,RADIATION THERAPY,,Y,Y,,1.8,,Gy,,5 TIMES PER WEEK,,,LEG,RIGHT,HIND,ENTIRE,,,,,2012-03-13,2012-03-13,42,42,1,,,,,,,,,
Xeno Nimo Hypox;FaDu,PR,N150b089,N150,b,89,,8.0013,,,,,,XRAY;PHOTON,PHOTON BEAM RADIATION THERAPY,RADIATION THERAPY,,Y,Y,,1.8,,Gy,,5 TIMES PER WEEK,,,LEG,RIGHT,HIND,ENTIRE,,,,,2012-03-14,2012-03-14,43,43,1,,,,,,,,,
Xeno Nimo Hypox;FaDu,PR,N150b089,N150,b,89,,8.0014,,,,,,XRAY;PHOTON,PHOTON BEAM RADIATION THERAPY,RADIATION THERAPY,,Y,Y,,1.8,,Gy,,5 TIMES PER WEEK,,,LEG,RIGHT,HIND,ENTIRE,,,,,2012-03-15,2012-03-15,44,44,1,,,,,,,,,
Xeno Nimo Hypox;FaDu,PR,N150b089,N150,b,89,,8.0015,,,,,,XRAY;PHOTON,PHOTON BEAM RADIATION THERAPY,RADIATION THERAPY,,Y,Y,,1.8,,Gy,,5 TIMES PER WEEK,,,LEG,RIGHT,HIND,ENTIRE,,,,,2012-03-16,2012-03-16,45,45,1,,,,,,,,,
Xeno Nimo Hypox;FaDu,PR,N150b089,N150,b,89,,8.0016,,,,,,XRAY;PHOTON,PHOTON BEAM RADIATION THERAPY,RADIATION THERAPY,,Y,Y,,1.8,,Gy,,5 TIMES PER WEEK,,,LEG,RIGHT,HIND,ENTIRE,,,,,2012-03-19,2012-03-19,48,48,1,,,,,,,,,
Xeno Nimo Hypox;FaDu,PR,N150b089,N150,b,89,,8.0017,,,,,,XRAY;PHOTON,PHOTON BEAM RADIATION THERAPY,RADIATION THERAPY,,Y,Y,,1.8,,Gy,,5 TIMES PER WEEK,,,LEG,RIGHT,HIND,ENTIRE,,,,,2012-03-20,2012-03-20,49,49,1,,,,,,,,,
Xeno Nimo Hypox;FaDu,PR,N150b089,N150,b,89,,8.0018,,,,,,XRAY;PHOTON,PHOTON BEAM RADIATION THERAPY,RADIATION THERAPY,,Y,Y,,1.8,,Gy,,5 TIMES PER WEEK,,,LEG,RIGHT,HIND,ENTIRE,,,,,2012-03-21,2012-03-21,50,50,1,,,,,,,,,
Xeno Nimo Hypox;FaDu,PR,N150b089,N150,b,89,,8.0019,,,,,,XRAY;PHOTON,PHOTON BEAM RADIATION THERAPY,RADIATION THERAPY,,Y,Y,,1.8,,Gy,,5 TIMES PER WEEK,,,LEG,RIGHT,HIND,ENTIRE,,,,,2012-03-22,2012-03-22,51,51,1,,,,,,,,,
Xeno Nimo Hypox;FaDu,PR,N150b089,N150,b,89,,8.002,,,,,,XRAY;PHOTON,PHOTON BEAM RADIATION THERAPY,RADIATION THERAPY,,Y,Y,,1.8,,Gy,,5 TIMES PER WEEK,,,LEG,RIGHT,HIND,ENTIRE,,,,,2012-03-23,2012-03-23,52,52,1,,,,,,,,,
Xeno Nimo Hypox;FaDu,PR,N150b089,N150,b,89,,8.0021,,,,,,XRAY;PHOTON,PHOTON BEAM RADIATION THERAPY,RADIATION THERAPY,,Y,Y,,1.8,,Gy,,5 TIMES PER WEEK,,,LEG,RIGHT,HIND,ENTIRE,,,,,2012-03-26,2012-03-26,55,55,1,,,,,,,,,
Xeno Nimo Hypox;FaDu,PR,N150b089,N150,b,89,,8.0022,,,,,,XRAY;PHOTON,PHOTON BEAM RADIATION THERAPY,RADIATION THERAPY,,Y,Y,,1.8,,Gy,,5 TIMES PER WEEK,,,LEG,RIGHT,HIND,ENTIRE,,,,,2012-03-27,2012-03-27,56,56,1,,,,,,,,,
Xeno Nimo Hypox;FaDu,PR,N150b089,N150,b,89,,8.0023,,,,,,XRAY;PHOTON,PHOTON BEAM RADIATION THERAPY,RADIATION THERAPY,,Y,Y,,1.8,,Gy,,5 TIMES PER WEEK,,,LEG,RIGHT,HIND,ENTIRE,,,,,2012-03-28,2012-03-28,57,57,1,,,,,,,,,
Xeno Nimo Hypox;FaDu,PR,N150b089,N150,b,89,,8.0024,,,,,,XRAY;PHOTON,PHOTON BEAM RADIATION THERAPY,RADIATION THERAPY,,Y,Y,,1.8,,Gy,,5 TIMES PER WEEK,,,LEG,RIGHT,HIND,ENTIRE,,,,,2012-03-29,2012-03-29,58,58,1,,,,,,,,,
Xeno Nimo Hypox;FaDu,PR,N150b089,N150,b,89,,8.0025,,,,,,XRAY;PHOTON,PHOTON BEAM RADIATION THERAPY,RADIATION THERAPY,,Y,Y,,1.8,,Gy,,5 TIMES PER WEEK,,,LEG,RIGHT,HIND,ENTIRE,,,,,2012-03-30,2012-03-30,59,59,1,,,,,,,,,
Xeno Nimo Hypox;FaDu,PR,N150b089,N150,b,89,,8.0026,,,,,,XRAY;PHOTON,PHOTON BEAM RADIATION THERAPY,RADIATION THERAPY,,Y,Y,,1.8,,Gy,,5 TIMES PER WEEK,,,LEG,RIGHT,HIND,ENTIRE,,,,,2012-04-02,2012-04-02,62,62,1,,,,,,,,,
Xeno Nimo Hypox;FaDu,PR,N150b089,N150,b,89,,8.0027,,,,,,XRAY;PHOTON,PHOTON BEAM RADIATION THERAPY,RADIATION THERAPY,,Y,Y,,1.8,,Gy,,5 TIMES PER WEEK,,,LEG,RIGHT,HIND,ENTIRE,,,,,2012-04-03,2012-04-03,63,63,1,,,,,,,,,
Xeno Nimo Hypox;FaDu,PR,N150b089,N150,b,89,,8.0028,,,,,,XRAY;PHOTON,PHOTON BEAM RADIATION THERAPY,RADIATION THERAPY,,Y,Y,,1.8,,Gy,,5 TIMES PER WEEK,,,LEG,RIGHT,HIND,ENTIRE,,,,,2012-04-04,2012-04-04,64,64,1,,,,,,,,,
Xeno Nimo Hypox;FaDu,PR,N150b089,N150,b,89,,8.0029,,,,,,XRAY;PHOTON,PHOTON BEAM RADIATION THERAPY,RADIATION THERAPY,,Y,Y,,1.8,,Gy,,5 TIMES PER WEEK,,,LEG,RIGHT,HIND,ENTIRE,,,,,2012-04-05,2012-04-05,65,65,1,,,,,,,,,
Xeno Nimo Hypox;FaDu,PR,N150b089,N150,b,89,,8.003,,,,,,XRAY;PHOTON,PHOTON BEAM RADIATION THERAPY,RADIATION THERAPY,,Y,Y,,1.8,,Gy,,5 TIMES PER WEEK,,,LEG,RIGHT,HIND,ENTIRE,,,,,2012-04-06,2012-04-06,66,66,1,,,,,,,,,
Xeno Nimo Hypox;FaDu,PR,N150b090,N150,b,90,,8.0,,,,,,XRAY;PHOTON,TOTAL BODY IRRADIATION,TBI; Whole Body Irradiation,,Y,Y,,4.0,,Gy,,ONCE,,,BODY,BILATERAL,,ENTIRE,,,,,2012-01-27,2012-01-27,-4,-4,1,,,,,,,,,
Xeno Nimo Hypox;FaDu,PR,N150b090,N150,b,90,,8.0001,,,,,,XRAY;PHOTON,PHOTON BEAM RADIATION THERAPY,RADIATION THERAPY,,Y,Y,,1.8,,Gy,,5 TIMES PER WEEK,,,LEG,RIGHT,HIND,ENTIRE,,,,,2012-02-27,2012-02-27,27,27,1,,,,,,,,,
Xeno Nimo Hypox;FaDu,PR,N150b090,N150,b,90,,8.0002,,,,,,XRAY;PHOTON,PHOTON BEAM RADIATION THERAPY,RADIATION THERAPY,,Y,Y,,1.8,,Gy,,5 TIMES PER WEEK,,,LEG,RIGHT,HIND,ENTIRE,,,,,2012-02-28,2012-02-28,28,28,1,,,,,,,,,
Xeno Nimo Hypox;FaDu,PR,N150b090,N150,b,90,,8.0003,,,,,,XRAY;PHOTON,PHOTON BEAM RADIATION THERAPY,RADIATION THERAPY,,Y,Y,,1.8,,Gy,,5 TIMES PER WEEK,,,LEG,RIGHT,HIND,ENTIRE,,,,,2012-02-29,2012-02-29,29,29,1,,,,,,,,,
Xeno Nimo Hypox;FaDu,PR,N150b090,N150,b,90,,8.0004,,,,,,XRAY;PHOTON,PHOTON BEAM RADIATION THERAPY,RADIATION THERAPY,,Y,Y,,1.8,,Gy,,5 TIMES PER WEEK,,,LEG,RIGHT,HIND,ENTIRE,,,,,2012-03-01,2012-03-01,30,30,1,,,,,,,,,
Xeno Nimo Hypox;FaDu,PR,N150b090,N150,b,90,,8.0005,,,,,,XRAY;PHOTON,PHOTON BEAM RADIATION THERAPY,RADIATION THERAPY,,Y,Y,,1.8,,Gy,,5 TIMES PER WEEK,,,LEG,RIGHT,HIND,ENTIRE,,,,,2012-03-02,2012-03-02,31,31,1,,,,,,,,,
Xeno Nimo Hypox;FaDu,PR,N150b090,N150,b,90,,8.0006,,,,,,XRAY;PHOTON,PHOTON BEAM RADIATION THERAPY,RADIATION THERAPY,,Y,Y,,1.8,,Gy,,5 TIMES PER WEEK,,,LEG,RIGHT,HIND,ENTIRE,,,,,2012-03-05,2012-03-05,34,34,1,,,,,,,,,
Xeno Nimo Hypox;FaDu,PR,N150b090,N150,b,90,,8.0007,,,,,,XRAY;PHOTON,PHOTON BEAM RADIATION THERAPY,RADIATION THERAPY,,Y,Y,,1.8,,Gy,,5 TIMES PER WEEK,,,LEG,RIGHT,HIND,ENTIRE,,,,,2012-03-06,2012-03-06,35,35,1,,,,,,,,,
Xeno Nimo Hypox;FaDu,PR,N150b090,N150,b,90,,8.0008,,,,,,XRAY;PHOTON,PHOTON BEAM RADIATION THERAPY,RADIATION THERAPY,,Y,Y,,1.8,,Gy,,5 TIMES PER WEEK,,,LEG,RIGHT,HIND,ENTIRE,,,,,2012-03-07,2012-03-07,36,36,1,,,,,,,,,
Xeno Nimo Hypox;FaDu,PR,N150b090,N150,b,90,,8.0009,,,,,,XRAY;PHOTON,PHOTON BEAM RADIATION THERAPY,RADIATION THERAPY,,Y,Y,,1.8,,Gy,,5 TIMES PER WEEK,,,LEG,RIGHT,HIND,ENTIRE,,,,,2012-03-08,2012-03-08,37,37,1,,,,,,,,,
Xeno Nimo Hypox;FaDu,PR,N150b090,N150,b,90,,8.001,,,,,,XRAY;PHOTON,PHOTON BEAM RADIATION THERAPY,RADIATION THERAPY,,Y,Y,,1.8,,Gy,,5 TIMES PER WEEK,,,LEG,RIGHT,HIND,ENTIRE,,,,,2012-03-09,2012-03-09,38,38,1,,,,,,,,,
Xeno Nimo Hypox;FaDu,PR,N150b090,N150,b,90,,8.0011,,,,,,XRAY;PHOTON,PHOTON BEAM RADIATION THERAPY,RADIATION THERAPY,,Y,Y,,1.8,,Gy,,5 TIMES PER WEEK,,,LEG,RIGHT,HIND,ENTIRE,,,,,2012-03-12,2012-03-12,41,41,1,,,,,,,,,
Xeno Nimo Hypox;FaDu,PR,N150b090,N150,b,90,,8.0012,,,,,,XRAY;PHOTON,PHOTON BEAM RADIATION THERAPY,RADIATION THERAPY,,Y,Y,,1.8,,Gy,,5 TIMES PER WEEK,,,LEG,RIGHT,HIND,ENTIRE,,,,,2012-03-13,2012-03-13,42,42,1,,,,,,,,,
Xeno Nimo Hypox;FaDu,PR,N150b090,N150,b,90,,8.0013,,,,,,XRAY;PHOTON,PHOTON BEAM RADIATION THERAPY,RADIATION THERAPY,,Y,Y,,1.8,,Gy,,5 TIMES PER WEEK,,,LEG,RIGHT,HIND,ENTIRE,,,,,2012-03-14,2012-03-14,43,43,1,,,,,,,,,
Xeno Nimo Hypox;FaDu,PR,N150b090,N150,b,90,,8.0014,,,,,,XRAY;PHOTON,PHOTON BEAM RADIATION THERAPY,RADIATION THERAPY,,Y,Y,,1.8,,Gy,,5 TIMES PER WEEK,,,LEG,RIGHT,HIND,ENTIRE,,,,,2012-03-15,2012-03-15,44,44,1,,,,,,,,,
Xeno Nimo Hypox;FaDu,PR,N150b090,N150,b,90,,8.0015,,,,,,XRAY;PHOTON,PHOTON BEAM RADIATION THERAPY,RADIATION THERAPY,,Y,Y,,1.8,,Gy,,5 TIMES PER WEEK,,,LEG,RIGHT,HIND,ENTIRE,,,,,2012-03-16,2012-03-16,45,45,1,,,,,,,,,
Xeno Nimo Hypox;FaDu,PR,N150b090,N150,b,90,,8.0016,,,,,,XRAY;PHOTON,PHOTON BEAM RADIATION THERAPY,RADIATION THERAPY,,Y,Y,,1.8,,Gy,,5 TIMES PER WEEK,,,LEG,RIGHT,HIND,ENTIRE,,,,,2012-03-19,2012-03-19,48,48,1,,,,,,,,,
Xeno Nimo Hypox;FaDu,PR,N150b090,N150,b,90,,8.0017,,,,,,XRAY;PHOTON,PHOTON BEAM RADIATION THERAPY,RADIATION THERAPY,,Y,Y,,1.8,,Gy,,5 TIMES PER WEEK,,,LEG,RIGHT,HIND,ENTIRE,,,,,2012-03-20,2012-03-20,49,49,1,,,,,,,,,
Xeno Nimo Hypox;FaDu,PR,N150b090,N150,b,90,,8.0018,,,,,,XRAY;PHOTON,PHOTON BEAM RADIATION THERAPY,RADIATION THERAPY,,Y,Y,,1.8,,Gy,,5 TIMES PER WEEK,,,LEG,RIGHT,HIND,ENTIRE,,,,,2012-03-21,2012-03-21,50,50,1,,,,,,,,,
Xeno Nimo Hypox;FaDu,PR,N150b090,N150,b,90,,8.0019,,,,,,XRAY;PHOTON,PHOTON BEAM RADIATION THERAPY,RADIATION THERAPY,,Y,Y,,1.8,,Gy,,5 TIMES PER WEEK,,,LEG,RIGHT,HIND,ENTIRE,,,,,2012-03-22,2012-03-22,51,51,1,,,,,,,,,
Xeno Nimo Hypox;FaDu,PR,N150b090,N150,b,90,,8.002,,,,,,XRAY;PHOTON,PHOTON BEAM RADIATION THERAPY,RADIATION THERAPY,,Y,Y,,1.8,,Gy,,5 TIMES PER WEEK,,,LEG,RIGHT,HIND,ENTIRE,,,,,2012-03-23,2012-03-23,52,52,1,,,,,,,,,
Xeno Nimo Hypox;FaDu,PR,N150b090,N150,b,90,,8.0021,,,,,,XRAY;PHOTON,PHOTON BEAM RADIATION THERAPY,RADIATION THERAPY,,Y,Y,,1.8,,Gy,,5 TIMES PER WEEK,,,LEG,RIGHT,HIND,ENTIRE,,,,,2012-03-26,2012-03-26,55,55,1,,,,,,,,,
Xeno Nimo Hypox;FaDu,PR,N150b090,N150,b,90,,8.0022,,,,,,XRAY;PHOTON,PHOTON BEAM RADIATION THERAPY,RADIATION THERAPY,,Y,Y,,1.8,,Gy,,5 TIMES PER WEEK,,,LEG,RIGHT,HIND,ENTIRE,,,,,2012-03-27,2012-03-27,56,56,1,,,,,,,,,
Xeno Nimo Hypox;FaDu,PR,N150b090,N150,b,90,,8.0023,,,,,,XRAY;PHOTON,PHOTON BEAM RADIATION THERAPY,RADIATION THERAPY,,Y,Y,,1.8,,Gy,,5 TIMES PER WEEK,,,LEG,RIGHT,HIND,ENTIRE,,,,,2012-03-28,2012-03-28,57,57,1,,,,,,,,,
Xeno Nimo Hypox;FaDu,PR,N150b090,N150,b,90,,8.0024,,,,,,XRAY;PHOTON,PHOTON BEAM RADIATION THERAPY,RADIATION THERAPY,,Y,Y,,1.8,,Gy,,5 TIMES PER WEEK,,,LEG,RIGHT,HIND,ENTIRE,,,,,2012-03-29,2012-03-29,58,58,1,,,,,,,,,
Xeno Nimo Hypox;FaDu,PR,N150b090,N150,b,90,,8.0025,,,,,,XRAY;PHOTON,PHOTON BEAM RADIATION THERAPY,RADIATION THERAPY,,Y,Y,,1.8,,Gy,,5 TIMES PER WEEK,,,LEG,RIGHT,HIND,ENTIRE,,,,,2012-03-30,2012-03-30,59,59,1,,,,,,,,,
Xeno Nimo Hypox;FaDu,PR,N150b090,N150,b,90,,8.0026,,,,,,XRAY;PHOTON,PHOTON BEAM RADIATION THERAPY,RADIATION THERAPY,,Y,Y,,1.8,,Gy,,5 TIMES PER WEEK,,,LEG,RIGHT,HIND,ENTIRE,,,,,2012-04-02,2012-04-02,62,62,1,,,,,,,,,
Xeno Nimo Hypox;FaDu,PR,N150b090,N150,b,90,,8.0027,,,,,,XRAY;PHOTON,PHOTON BEAM RADIATION THERAPY,RADIATION THERAPY,,Y,Y,,1.8,,Gy,,5 TIMES PER WEEK,,,LEG,RIGHT,HIND,ENTIRE,,,,,2012-04-03,2012-04-03,63,63,1,,,,,,,,,
Xeno Nimo Hypox;FaDu,PR,N150b090,N150,b,90,,8.0028,,,,,,XRAY;PHOTON,PHOTON BEAM RADIATION THERAPY,RADIATION THERAPY,,Y,Y,,1.8,,Gy,,5 TIMES PER WEEK,,,LEG,RIGHT,HIND,ENTIRE,,,,,2012-04-04,2012-04-04,64,64,1,,,,,,,,,
Xeno Nimo Hypox;FaDu,PR,N150b090,N150,b,90,,8.0029,,,,,,XRAY;PHOTON,PHOTON BEAM RADIATION THERAPY,RADIATION THERAPY,,Y,Y,,1.8,,Gy,,5 TIMES PER WEEK,,,LEG,RIGHT,HIND,ENTIRE,,,,,2012-04-05,2012-04-05,65,65,1,,,,,,,,,
Xeno Nimo Hypox;FaDu,PR,N150b090,N150,b,90,,8.003,,,,,,XRAY;PHOTON,PHOTON BEAM RADIATION THERAPY,RADIATION THERAPY,,Y,Y,,1.8,,Gy,,5 TIMES PER WEEK,,,LEG,RIGHT,HIND,ENTIRE,,,,,2012-04-06,2012-04-06,66,66,1,,,,,,,,,
Xeno Nimo Hypox;FaDu,PR,N150b120,N150,b,120,,8.0,,,,,,XRAY;PHOTON,TOTAL BODY IRRADIATION,TBI; Whole Body Irradiation,,Y,Y,,4.0,,Gy,,ONCE,,,BODY,BILATERAL,,ENTIRE,,,,,2012-01-27,2012-01-27,-4,-4,1,,,,,,,,,
Xeno Nimo Hypox;FaDu,PR,N150b120,N150,b,120,,8.0001,,,,,,XRAY;PHOTON,PHOTON BEAM RADIATION THERAPY,RADIATION THERAPY,,Y,Y,,1.8,,Gy,,5 TIMES PER WEEK,,,LEG,RIGHT,HIND,ENTIRE,,,,,2012-03-05,2012-03-05,34,34,1,,,,,,,,,
Xeno Nimo Hypox;FaDu,PR,N150b120,N150,b,120,,8.0002,,,,,,XRAY;PHOTON,PHOTON BEAM RADIATION THERAPY,RADIATION THERAPY,,Y,Y,,1.8,,Gy,,5 TIMES PER WEEK,,,LEG,RIGHT,HIND,ENTIRE,,,,,2012-03-06,2012-03-06,35,35,1,,,,,,,,,
Xeno Nimo Hypox;FaDu,PR,N150b120,N150,b,120,,8.0003,,,,,,XRAY;PHOTON,PHOTON BEAM RADIATION THERAPY,RADIATION THERAPY,,Y,Y,,1.8,,Gy,,5 TIMES PER WEEK,,,LEG,RIGHT,HIND,ENTIRE,,,,,2012-03-07,2012-03-07,36,36,1,,,,,,,,,
Xeno Nimo Hypox;FaDu,PR,N150b120,N150,b,120,,8.0004,,,,,,XRAY;PHOTON,PHOTON BEAM RADIATION THERAPY,RADIATION THERAPY,,Y,Y,,1.8,,Gy,,5 TIMES PER WEEK,,,LEG,RIGHT,HIND,ENTIRE,,,,,2012-03-08,2012-03-08,37,37,1,,,,,,,,,
Xeno Nimo Hypox;FaDu,PR,N150b120,N150,b,120,,8.0005,,,,,,XRAY;PHOTON,PHOTON BEAM RADIATION THERAPY,RADIATION THERAPY,,Y,Y,,1.8,,Gy,,5 TIMES PER WEEK,,,LEG,RIGHT,HIND,ENTIRE,,,,,2012-03-09,2012-03-09,38,38,1,,,,,,,,,
Xeno Nimo Hypox;FaDu,PR,N150b120,N150,b,120,,8.0006,,,,,,XRAY;PHOTON,PHOTON BEAM RADIATION THERAPY,RADIATION THERAPY,,Y,Y,,1.8,,Gy,,5 TIMES PER WEEK,,,LEG,RIGHT,HIND,ENTIRE,,,,,2012-03-12,2012-03-12,41,41,1,,,,,,,,,
Xeno Nimo Hypox;FaDu,PR,N150b120,N150,b,120,,8.0007,,,,,,XRAY;PHOTON,PHOTON BEAM RADIATION THERAPY,RADIATION THERAPY,,Y,Y,,1.8,,Gy,,5 TIMES PER WEEK,,,LEG,RIGHT,HIND,ENTIRE,,,,,2012-03-13,2012-03-13,42,42,1,,,,,,,,,
Xeno Nimo Hypox;FaDu,PR,N150b120,N150,b,120,,8.0008,,,,,,XRAY;PHOTON,PHOTON BEAM RADIATION THERAPY,RADIATION THERAPY,,Y,Y,,1.8,,Gy,,5 TIMES PER WEEK,,,LEG,RIGHT,HIND,ENTIRE,,,,,2012-03-14,2012-03-14,43,43,1,,,,,,,,,
Xeno Nimo Hypox;FaDu,PR,N150b120,N150,b,120,,8.0009,,,,,,XRAY;PHOTON,PHOTON BEAM RADIATION THERAPY,RADIATION THERAPY,,Y,Y,,1.8,,Gy,,5 TIMES PER WEEK,,,LEG,RIGHT,HIND,ENTIRE,,,,,2012-03-15,2012-03-15,44,44,1,,,,,,,,,
Xeno Nimo Hypox;FaDu,PR,N150b120,N150,b,120,,8.001,,,,,,XRAY;PHOTON,PHOTON BEAM RADIATION THERAPY,RADIATION THERAPY,,Y,Y,,1.8,,Gy,,5 TIMES PER WEEK,,,LEG,RIGHT,HIND,ENTIRE,,,,,2012-03-16,2012-03-16,45,45,1,,,,,,,,,
Xeno Nimo Hypox;FaDu,PR,N150b120,N150,b,120,,8.0011,,,,,,XRAY;PHOTON,PHOTON BEAM RADIATION THERAPY,RADIATION THERAPY,,Y,Y,,1.8,,Gy,,5 TIMES PER WEEK,,,LEG,RIGHT,HIND,ENTIRE,,,,,2012-03-19,2012-03-19,48,48,1,,,,,,,,,
Xeno Nimo Hypox;FaDu,PR,N150b120,N150,b,120,,8.0012,,,,,,XRAY;PHOTON,PHOTON BEAM RADIATION THERAPY,RADIATION THERAPY,,Y,Y,,1.8,,Gy,,5 TIMES PER WEEK,,,LEG,RIGHT,HIND,ENTIRE,,,,,2012-03-20,2012-03-20,49,49,1,,,,,,,,,
Xeno Nimo Hypox;FaDu,PR,N150b120,N150,b,120,,8.0013,,,,,,XRAY;PHOTON,PHOTON BEAM RADIATION THERAPY,RADIATION THERAPY,,Y,Y,,1.8,,Gy,,5 TIMES PER WEEK,,,LEG,RIGHT,HIND,ENTIRE,,,,,2012-03-21,2012-03-21,50,50,1,,,,,,,,,
Xeno Nimo Hypox;FaDu,PR,N150b120,N150,b,120,,8.0014,,,,,,XRAY;PHOTON,PHOTON BEAM RADIATION THERAPY,RADIATION THERAPY,,Y,Y,,1.8,,Gy,,5 TIMES PER WEEK,,,LEG,RIGHT,HIND,ENTIRE,,,,,2012-03-22,2012-03-22,51,51,1,,,,,,,,,
Xeno Nimo Hypox;FaDu,PR,N150b120,N150,b,120,,8.0015,,,,,,XRAY;PHOTON,PHOTON BEAM RADIATION THERAPY,RADIATION THERAPY,,Y,Y,,1.8,,Gy,,5 TIMES PER WEEK,,,LEG,RIGHT,HIND,ENTIRE,,,,,2012-03-23,2012-03-23,52,52,1,,,,,,,,,
Xeno Nimo Hypox;FaDu,PR,N150b120,N150,b,120,,8.0016,,,,,,XRAY;PHOTON,PHOTON BEAM RADIATION THERAPY,RADIATION THERAPY,,Y,Y,,1.8,,Gy,,5 TIMES PER WEEK,,,LEG,RIGHT,HIND,ENTIRE,,,,,2012-03-26,2012-03-26,55,55,1,,,,,,,,,
Xeno Nimo Hypox;FaDu,PR,N150b120,N150,b,120,,8.0017,,,,,,XRAY;PHOTON,PHOTON BEAM RADIATION THERAPY,RADIATION THERAPY,,Y,Y,,1.8,,Gy,,5 TIMES PER WEEK,,,LEG,RIGHT,HIND,ENTIRE,,,,,2012-03-27,2012-03-27,56,56,1,,,,,,,,,
Xeno Nimo Hypox;FaDu,PR,N150b120,N150,b,120,,8.0018,,,,,,XRAY;PHOTON,PHOTON BEAM RADIATION THERAPY,RADIATION THERAPY,,Y,Y,,1.8,,Gy,,5 TIMES PER WEEK,,,LEG,RIGHT,HIND,ENTIRE,,,,,2012-03-28,2012-03-28,57,57,1,,,,,,,,,
Xeno Nimo Hypox;FaDu,PR,N150b120,N150,b,120,,8.0019,,,,,,XRAY;PHOTON,PHOTON BEAM RADIATION THERAPY,RADIATION THERAPY,,Y,Y,,1.8,,Gy,,5 TIMES PER WEEK,,,LEG,RIGHT,HIND,ENTIRE,,,,,2012-03-29,2012-03-29,58,58,1,,,,,,,,,
Xeno Nimo Hypox;FaDu,PR,N150b120,N150,b,120,,8.002,,,,,,XRAY;PHOTON,PHOTON BEAM RADIATION THERAPY,RADIATION THERAPY,,Y,Y,,1.8,,Gy,,5 TIMES PER WEEK,,,LEG,RIGHT,HIND,ENTIRE,,,,,2012-03-30,2012-03-30,59,59,1,,,,,,,,,
Xeno Nimo Hypox;FaDu,PR,N150b120,N150,b,120,,8.0021,,,,,,XRAY;PHOTON,PHOTON BEAM RADIATION THERAPY,RADIATION THERAPY,,Y,Y,,1.8,,Gy,,5 TIMES PER WEEK,,,LEG,RIGHT,HIND,ENTIRE,,,,,2012-04-02,2012-04-02,62,62,1,,,,,,,,,
Xeno Nimo Hypox;FaDu,PR,N150b120,N150,b,120,,8.0022,,,,,,XRAY;PHOTON,PHOTON BEAM RADIATION THERAPY,RADIATION THERAPY,,Y,Y,,1.8,,Gy,,5 TIMES PER WEEK,,,LEG,RIGHT,HIND,ENTIRE,,,,,2012-04-03,2012-04-03,63,63,1,,,,,,,,,
Xeno Nimo Hypox;FaDu,PR,N150b120,N150,b,120,,8.0023,,,,,,XRAY;PHOTON,PHOTON BEAM RADIATION THERAPY,RADIATION THERAPY,,Y,Y,,1.8,,Gy,,5 TIMES PER WEEK,,,LEG,RIGHT,HIND,ENTIRE,,,,,2012-04-04,2012-04-04,64,64,1,,,,,,,,,
Xeno Nimo Hypox;FaDu,PR,N150b120,N150,b,120,,8.0024,,,,,,XRAY;PHOTON,PHOTON BEAM RADIATION THERAPY,RADIATION THERAPY,,Y,Y,,1.8,,Gy,,5 TIMES PER WEEK,,,LEG,RIGHT,HIND,ENTIRE,,,,,2012-04-05,2012-04-05,65,65,1,,,,,,,,,
Xeno Nimo Hypox;FaDu,PR,N150b120,N150,b,120,,8.0025,,,,,,XRAY;PHOTON,PHOTON BEAM RADIATION THERAPY,RADIATION THERAPY,,Y,Y,,1.8,,Gy,,5 TIMES PER WEEK,,,LEG,RIGHT,HIND,ENTIRE,,,,,2012-04-06,2012-04-06,66,66,1,,,,,,,,,
Xeno Nimo Hypox;FaDu,PR,N150b120,N150,b,120,,8.0026,,,,,,XRAY;PHOTON,PHOTON BEAM RADIATION THERAPY,RADIATION THERAPY,,Y,Y,,1.8,,Gy,,5 TIMES PER WEEK,,,LEG,RIGHT,HIND,ENTIRE,,,,,2012-04-09,2012-04-09,69,69,1,,,,,,,,,
Xeno Nimo Hypox;FaDu,PR,N150b120,N150,b,120,,8.0027,,,,,,XRAY;PHOTON,PHOTON BEAM RADIATION THERAPY,RADIATION THERAPY,,Y,Y,,1.8,,Gy,,5 TIMES PER WEEK,,,LEG,RIGHT,HIND,ENTIRE,,,,,2012-04-10,2012-04-10,70,70,1,,,,,,,,,
Xeno Nimo Hypox;FaDu,PR,N150b120,N150,b,120,,8.0028,,,,,,XRAY;PHOTON,PHOTON BEAM RADIATION THERAPY,RADIATION THERAPY,,Y,Y,,1.8,,Gy,,5 TIMES PER WEEK,,,LEG,RIGHT,HIND,ENTIRE,,,,,2012-04-11,2012-04-11,71,71,1,,,,,,,,,
Xeno Nimo Hypox;FaDu,PR,N150b120,N150,b,120,,8.0029,,,,,,XRAY;PHOTON,PHOTON BEAM RADIATION THERAPY,RADIATION THERAPY,,Y,Y,,1.8,,Gy,,5 TIMES PER WEEK,,,LEG,RIGHT,HIND,ENTIRE,,,,,2012-04-12,2012-04-12,72,72,1,,,,,,,,,
Xeno Nimo Hypox;FaDu,PR,N150b120,N150,b,120,,8.003,,,,,,XRAY;PHOTON,PHOTON BEAM RADIATION THERAPY,RADIATION THERAPY,,Y,Y,,1.8,,Gy,,5 TIMES PER WEEK,,,LEG,RIGHT,HIND,ENTIRE,,,,,2012-04-13,2012-04-13,73,73,1,,,,,,,,,
Xeno Nimo Hypox;FaDu,PR,N150b121,N150,b,121,,8.0,,,,,,XRAY;PHOTON,TOTAL BODY IRRADIATION,TBI; Whole Body Irradiation,,Y,Y,,4.0,,Gy,,ONCE,,,BODY,BILATERAL,,ENTIRE,,,,,2012-01-27,2012-01-27,-4,-4,1,,,,,,,,,
Xeno Nimo Hypox;FaDu,PR,N150b121,N150,b,121,,8.0001,,,,,,XRAY;PHOTON,PHOTON BEAM RADIATION THERAPY,RADIATION THERAPY,,Y,Y,,1.8,,Gy,,5 TIMES PER WEEK,,,LEG,RIGHT,HIND,ENTIRE,,,,,2012-03-08,2012-03-08,37,37,1,,,,,,,,,
Xeno Nimo Hypox;FaDu,PR,N150b121,N150,b,121,,8.0002,,,,,,XRAY;PHOTON,PHOTON BEAM RADIATION THERAPY,RADIATION THERAPY,,Y,Y,,1.8,,Gy,,5 TIMES PER WEEK,,,LEG,RIGHT,HIND,ENTIRE,,,,,2012-03-09,2012-03-09,38,38,1,,,,,,,,,
Xeno Nimo Hypox;FaDu,PR,N150b121,N150,b,121,,8.0003,,,,,,XRAY;PHOTON,PHOTON BEAM RADIATION THERAPY,RADIATION THERAPY,,Y,Y,,1.8,,Gy,,5 TIMES PER WEEK,,,LEG,RIGHT,HIND,ENTIRE,,,,,2012-03-12,2012-03-12,41,41,1,,,,,,,,,
Xeno Nimo Hypox;FaDu,PR,N150b121,N150,b,121,,8.0004,,,,,,XRAY;PHOTON,PHOTON BEAM RADIATION THERAPY,RADIATION THERAPY,,Y,Y,,1.8,,Gy,,5 TIMES PER WEEK,,,LEG,RIGHT,HIND,ENTIRE,,,,,2012-03-13,2012-03-13,42,42,1,,,,,,,,,
Xeno Nimo Hypox;FaDu,PR,N150b121,N150,b,121,,8.0005,,,,,,XRAY;PHOTON,PHOTON BEAM RADIATION THERAPY,RADIATION THERAPY,,Y,Y,,1.8,,Gy,,5 TIMES PER WEEK,,,LEG,RIGHT,HIND,ENTIRE,,,,,2012-03-14,2012-03-14,43,43,1,,,,,,,,,
Xeno Nimo Hypox;FaDu,PR,N150b121,N150,b,121,,8.0006,,,,,,XRAY;PHOTON,PHOTON BEAM RADIATION THERAPY,RADIATION THERAPY,,Y,Y,,1.8,,Gy,,5 TIMES PER WEEK,,,LEG,RIGHT,HIND,ENTIRE,,,,,2012-03-15,2012-03-15,44,44,1,,,,,,,,,
Xeno Nimo Hypox;FaDu,PR,N150b121,N150,b,121,,8.0007,,,,,,XRAY;PHOTON,PHOTON BEAM RADIATION THERAPY,RADIATION THERAPY,,Y,Y,,1.8,,Gy,,5 TIMES PER WEEK,,,LEG,RIGHT,HIND,ENTIRE,,,,,2012-03-16,2012-03-16,45,45,1,,,,,,,,,
Xeno Nimo Hypox;FaDu,PR,N150b121,N150,b,121,,8.0008,,,,,,XRAY;PHOTON,PHOTON BEAM RADIATION THERAPY,RADIATION THERAPY,,Y,Y,,1.8,,Gy,,5 TIMES PER WEEK,,,LEG,RIGHT,HIND,ENTIRE,,,,,2012-03-19,2012-03-19,48,48,1,,,,,,,,,
Xeno Nimo Hypox;FaDu,PR,N150b121,N150,b,121,,8.0009,,,,,,XRAY;PHOTON,PHOTON BEAM RADIATION THERAPY,RADIATION THERAPY,,Y,Y,,1.8,,Gy,,5 TIMES PER WEEK,,,LEG,RIGHT,HIND,ENTIRE,,,,,2012-03-20,2012-03-20,49,49,1,,,,,,,,,
Xeno Nimo Hypox;FaDu,PR,N150b121,N150,b,121,,8.001,,,,,,XRAY;PHOTON,PHOTON BEAM RADIATION THERAPY,RADIATION THERAPY,,Y,Y,,1.8,,Gy,,5 TIMES PER WEEK,,,LEG,RIGHT,HIND,ENTIRE,,,,,2012-03-21,2012-03-21,50,50,1,,,,,,,,,
Xeno Nimo Hypox;FaDu,PR,N150b121,N150,b,121,,8.0011,,,,,,XRAY;PHOTON,PHOTON BEAM RADIATION THERAPY,RADIATION THERAPY,,Y,Y,,1.8,,Gy,,5 TIMES PER WEEK,,,LEG,RIGHT,HIND,ENTIRE,,,,,2012-03-22,2012-03-22,51,51,1,,,,,,,,,
Xeno Nimo Hypox;FaDu,PR,N150b121,N150,b,121,,8.0012,,,,,,XRAY;PHOTON,PHOTON BEAM RADIATION THERAPY,RADIATION THERAPY,,Y,Y,,1.8,,Gy,,5 TIMES PER WEEK,,,LEG,RIGHT,HIND,ENTIRE,,,,,2012-03-23,2012-03-23,52,52,1,,,,,,,,,
Xeno Nimo Hypox;FaDu,PR,N150b121,N150,b,121,,8.0013,,,,,,XRAY;PHOTON,PHOTON BEAM RADIATION THERAPY,RADIATION THERAPY,,Y,Y,,1.8,,Gy,,5 TIMES PER WEEK,,,LEG,RIGHT,HIND,ENTIRE,,,,,2012-03-26,2012-03-26,55,55,1,,,,,,,,,
Xeno Nimo Hypox;FaDu,PR,N150b121,N150,b,121,,8.0014,,,,,,XRAY;PHOTON,PHOTON BEAM RADIATION THERAPY,RADIATION THERAPY,,Y,Y,,1.8,,Gy,,5 TIMES PER WEEK,,,LEG,RIGHT,HIND,ENTIRE,,,,,2012-03-27,2012-03-27,56,56,1,,,,,,,,,
Xeno Nimo Hypox;FaDu,PR,N150b121,N150,b,121,,8.0015,,,,,,XRAY;PHOTON,PHOTON BEAM RADIATION THERAPY,RADIATION THERAPY,,Y,Y,,1.8,,Gy,,5 TIMES PER WEEK,,,LEG,RIGHT,HIND,ENTIRE,,,,,2012-03-28,2012-03-28,57,57,1,,,,,,,,,
Xeno Nimo Hypox;FaDu,PR,N150b121,N150,b,121,,8.0016,,,,,,XRAY;PHOTON,PHOTON BEAM RADIATION THERAPY,RADIATION THERAPY,,Y,Y,,1.8,,Gy,,5 TIMES PER WEEK,,,LEG,RIGHT,HIND,ENTIRE,,,,,2012-03-29,2012-03-29,58,58,1,,,,,,,,,
Xeno Nimo Hypox;FaDu,PR,N150b121,N150,b,121,,8.0017,,,,,,XRAY;PHOTON,PHOTON BEAM RADIATION THERAPY,RADIATION THERAPY,,Y,Y,,1.8,,Gy,,5 TIMES PER WEEK,,,LEG,RIGHT,HIND,ENTIRE,,,,,2012-03-30,2012-03-30,59,59,1,,,,,,,,,
Xeno Nimo Hypox;FaDu,PR,N150b121,N150,b,121,,8.0018,,,,,,XRAY;PHOTON,PHOTON BEAM RADIATION THERAPY,RADIATION THERAPY,,Y,Y,,1.8,,Gy,,5 TIMES PER WEEK,,,LEG,RIGHT,HIND,ENTIRE,,,,,2012-04-02,2012-04-02,62,62,1,,,,,,,,,
Xeno Nimo Hypox;FaDu,PR,N150b121,N150,b,121,,8.0019,,,,,,XRAY;PHOTON,PHOTON BEAM RADIATION THERAPY,RADIATION THERAPY,,Y,Y,,1.8,,Gy,,5 TIMES PER WEEK,,,LEG,RIGHT,HIND,ENTIRE,,,,,2012-04-03,2012-04-03,63,63,1,,,,,,,,,
Xeno Nimo Hypox;FaDu,PR,N150b121,N150,b,121,,8.002,,,,,,XRAY;PHOTON,PHOTON BEAM RADIATION THERAPY,RADIATION THERAPY,,Y,Y,,1.8,,Gy,,5 TIMES PER WEEK,,,LEG,RIGHT,HIND,ENTIRE,,,,,2012-04-04,2012-04-04,64,64,1,,,,,,,,,
Xeno Nimo Hypox;FaDu,PR,N150b121,N150,b,121,,8.0021,,,,,,XRAY;PHOTON,PHOTON BEAM RADIATION THERAPY,RADIATION THERAPY,,Y,Y,,1.8,,Gy,,5 TIMES PER WEEK,,,LEG,RIGHT,HIND,ENTIRE,,,,,2012-04-05,2012-04-05,65,65,1,,,,,,,,,
Xeno Nimo Hypox;FaDu,PR,N150b121,N150,b,121,,8.0022,,,,,,XRAY;PHOTON,PHOTON BEAM RADIATION THERAPY,RADIATION THERAPY,,Y,Y,,1.8,,Gy,,5 TIMES PER WEEK,,,LEG,RIGHT,HIND,ENTIRE,,,,,2012-04-06,2012-04-06,66,66,1,,,,,,,,,
Xeno Nimo Hypox;FaDu,PR,N150b121,N150,b,121,,8.0023,,,,,,XRAY;PHOTON,PHOTON BEAM RADIATION THERAPY,RADIATION THERAPY,,Y,Y,,1.8,,Gy,,5 TIMES PER WEEK,,,LEG,RIGHT,HIND,ENTIRE,,,,,2012-04-09,2012-04-09,69,69,1,,,,,,,,,
Xeno Nimo Hypox;FaDu,PR,N150b121,N150,b,121,,8.0024,,,,,,XRAY;PHOTON,PHOTON BEAM RADIATION THERAPY,RADIATION THERAPY,,Y,Y,,1.8,,Gy,,5 TIMES PER WEEK,,,LEG,RIGHT,HIND,ENTIRE,,,,,2012-04-10,2012-04-10,70,70,1,,,,,,,,,
Xeno Nimo Hypox;FaDu,PR,N150b121,N150,b,121,,8.0025,,,,,,XRAY;PHOTON,PHOTON BEAM RADIATION THERAPY,RADIATION THERAPY,,Y,Y,,1.8,,Gy,,5 TIMES PER WEEK,,,LEG,RIGHT,HIND,ENTIRE,,,,,2012-04-11,2012-04-11,71,71,1,,,,,,,,,
Xeno Nimo Hypox;FaDu,PR,N150b121,N150,b,121,,8.0026,,,,,,XRAY;PHOTON,PHOTON BEAM RADIATION THERAPY,RADIATION THERAPY,,Y,Y,,1.8,,Gy,,5 TIMES PER WEEK,,,LEG,RIGHT,HIND,ENTIRE,,,,,2012-04-12,2012-04-12,72,72,1,,,,,,,,,
Xeno Nimo Hypox;FaDu,PR,N150b121,N150,b,121,,8.0027,,,,,,XRAY;PHOTON,PHOTON BEAM RADIATION THERAPY,RADIATION THERAPY,,Y,Y,,1.8,,Gy,,5 TIMES PER WEEK,,,LEG,RIGHT,HIND,ENTIRE,,,,,2012-04-13,2012-04-13,73,73,1,,,,,,,,,
Xeno Nimo Hypox;FaDu,PR,N150b121,N150,b,121,,8.0028,,,,,,XRAY;PHOTON,PHOTON BEAM RADIATION THERAPY,RADIATION THERAPY,,Y,Y,,1.8,,Gy,,5 TIMES PER WEEK,,,LEG,RIGHT,HIND,ENTIRE,,,,,2012-04-16,2012-04-16,76,76,1,,,,,,,,,
Xeno Nimo Hypox;FaDu,PR,N150b121,N150,b,121,,8.0029,,,,,,XRAY;PHOTON,PHOTON BEAM RADIATION THERAPY,RADIATION THERAPY,,Y,Y,,1.8,,Gy,,5 TIMES PER WEEK,,,LEG,RIGHT,HIND,ENTIRE,,,,,2012-04-17,2012-04-17,77,77,1,,,,,,,,,
Xeno Nimo Hypox;FaDu,PR,N150b121,N150,b,121,,8.003,,,,,,XRAY;PHOTON,PHOTON BEAM RADIATION THERAPY,RADIATION THERAPY,,Y,Y,,1.8,,Gy,,5 TIMES PER WEEK,,,LEG,RIGHT,HIND,ENTIRE,,,,,2012-04-18,2012-04-18,78,78,1,,,,,,,,,
Xeno Nimo Hypox;FaDu,PR,N150b122,N150,b,122,,8.0,,,,,,XRAY;PHOTON,TOTAL BODY IRRADIATION,TBI; Whole Body Irradiation,,Y,Y,,4.0,,Gy,,ONCE,,,BODY,BILATERAL,,ENTIRE,,,,,2012-01-27,2012-01-27,-4,-4,1,,,,,,,,,
Xeno Nimo Hypox;FaDu,PR,N150b122,N150,b,122,,8.0001,,,,,,XRAY;PHOTON,PHOTON BEAM RADIATION THERAPY,RADIATION THERAPY,,Y,Y,,1.8,,Gy,,5 TIMES PER WEEK,,,LEG,RIGHT,HIND,ENTIRE,,,,,2012-02-27,2012-02-27,27,27,1,,,,,,,,,
Xeno Nimo Hypox;FaDu,PR,N150b122,N150,b,122,,8.0002,,,,,,XRAY;PHOTON,PHOTON BEAM RADIATION THERAPY,RADIATION THERAPY,,Y,Y,,1.8,,Gy,,5 TIMES PER WEEK,,,LEG,RIGHT,HIND,ENTIRE,,,,,2012-02-28,2012-02-28,28,28,1,,,,,,,,,
Xeno Nimo Hypox;FaDu,PR,N150b122,N150,b,122,,8.0003,,,,,,XRAY;PHOTON,PHOTON BEAM RADIATION THERAPY,RADIATION THERAPY,,Y,Y,,1.8,,Gy,,5 TIMES PER WEEK,,,LEG,RIGHT,HIND,ENTIRE,,,,,2012-02-29,2012-02-29,29,29,1,,,,,,,,,
Xeno Nimo Hypox;FaDu,PR,N150b122,N150,b,122,,8.0004,,,,,,XRAY;PHOTON,PHOTON BEAM RADIATION THERAPY,RADIATION THERAPY,,Y,Y,,1.8,,Gy,,5 TIMES PER WEEK,,,LEG,RIGHT,HIND,ENTIRE,,,,,2012-03-01,2012-03-01,30,30,1,,,,,,,,,
Xeno Nimo Hypox;FaDu,PR,N150b122,N150,b,122,,8.0005,,,,,,XRAY;PHOTON,PHOTON BEAM RADIATION THERAPY,RADIATION THERAPY,,Y,Y,,1.8,,Gy,,5 TIMES PER WEEK,,,LEG,RIGHT,HIND,ENTIRE,,,,,2012-03-02,2012-03-02,31,31,1,,,,,,,,,
Xeno Nimo Hypox;FaDu,PR,N150b122,N150,b,122,,8.0006,,,,,,XRAY;PHOTON,PHOTON BEAM RADIATION THERAPY,RADIATION THERAPY,,Y,Y,,1.8,,Gy,,5 TIMES PER WEEK,,,LEG,RIGHT,HIND,ENTIRE,,,,,2012-03-05,2012-03-05,34,34,1,,,,,,,,,
Xeno Nimo Hypox;FaDu,PR,N150b122,N150,b,122,,8.0007,,,,,,XRAY;PHOTON,PHOTON BEAM RADIATION THERAPY,RADIATION THERAPY,,Y,Y,,1.8,,Gy,,5 TIMES PER WEEK,,,LEG,RIGHT,HIND,ENTIRE,,,,,2012-03-06,2012-03-06,35,35,1,,,,,,,,,
Xeno Nimo Hypox;FaDu,PR,N150b122,N150,b,122,,8.0008,,,,,,XRAY;PHOTON,PHOTON BEAM RADIATION THERAPY,RADIATION THERAPY,,Y,Y,,1.8,,Gy,,5 TIMES PER WEEK,,,LEG,RIGHT,HIND,ENTIRE,,,,,2012-03-07,2012-03-07,36,36,1,,,,,,,,,
Xeno Nimo Hypox;FaDu,PR,N150b122,N150,b,122,,8.0009,,,,,,XRAY;PHOTON,PHOTON BEAM RADIATION THERAPY,RADIATION THERAPY,,Y,Y,,1.8,,Gy,,5 TIMES PER WEEK,,,LEG,RIGHT,HIND,ENTIRE,,,,,2012-03-08,2012-03-08,37,37,1,,,,,,,,,
Xeno Nimo Hypox;FaDu,PR,N150b122,N150,b,122,,8.001,,,,,,XRAY;PHOTON,PHOTON BEAM RADIATION THERAPY,RADIATION THERAPY,,Y,Y,,1.8,,Gy,,5 TIMES PER WEEK,,,LEG,RIGHT,HIND,ENTIRE,,,,,2012-03-09,2012-03-09,38,38,1,,,,,,,,,
Xeno Nimo Hypox;FaDu,PR,N150b122,N150,b,122,,8.0011,,,,,,XRAY;PHOTON,PHOTON BEAM RADIATION THERAPY,RADIATION THERAPY,,Y,Y,,1.8,,Gy,,5 TIMES PER WEEK,,,LEG,RIGHT,HIND,ENTIRE,,,,,2012-03-12,2012-03-12,41,41,1,,,,,,,,,
Xeno Nimo Hypox;FaDu,PR,N150b122,N150,b,122,,8.0012,,,,,,XRAY;PHOTON,PHOTON BEAM RADIATION THERAPY,RADIATION THERAPY,,Y,Y,,1.8,,Gy,,5 TIMES PER WEEK,,,LEG,RIGHT,HIND,ENTIRE,,,,,2012-03-13,2012-03-13,42,42,1,,,,,,,,,
Xeno Nimo Hypox;FaDu,PR,N150b122,N150,b,122,,8.0013,,,,,,XRAY;PHOTON,PHOTON BEAM RADIATION THERAPY,RADIATION THERAPY,,Y,Y,,1.8,,Gy,,5 TIMES PER WEEK,,,LEG,RIGHT,HIND,ENTIRE,,,,,2012-03-14,2012-03-14,43,43,1,,,,,,,,,
Xeno Nimo Hypox;FaDu,PR,N150b122,N150,b,122,,8.0014,,,,,,XRAY;PHOTON,PHOTON BEAM RADIATION THERAPY,RADIATION THERAPY,,Y,Y,,1.8,,Gy,,5 TIMES PER WEEK,,,LEG,RIGHT,HIND,ENTIRE,,,,,2012-03-15,2012-03-15,44,44,1,,,,,,,,,
Xeno Nimo Hypox;FaDu,PR,N150b122,N150,b,122,,8.0015,,,,,,XRAY;PHOTON,PHOTON BEAM RADIATION THERAPY,RADIATION THERAPY,,Y,Y,,1.8,,Gy,,5 TIMES PER WEEK,,,LEG,RIGHT,HIND,ENTIRE,,,,,2012-03-16,2012-03-16,45,45,1,,,,,,,,,
Xeno Nimo Hypox;FaDu,PR,N150b122,N150,b,122,,8.0016,,,,,,XRAY;PHOTON,PHOTON BEAM RADIATION THERAPY,RADIATION THERAPY,,Y,Y,,1.8,,Gy,,5 TIMES PER WEEK,,,LEG,RIGHT,HIND,ENTIRE,,,,,2012-03-19,2012-03-19,48,48,1,,,,,,,,,
Xeno Nimo Hypox;FaDu,PR,N150b122,N150,b,122,,8.0017,,,,,,XRAY;PHOTON,PHOTON BEAM RADIATION THERAPY,RADIATION THERAPY,,Y,Y,,1.8,,Gy,,5 TIMES PER WEEK,,,LEG,RIGHT,HIND,ENTIRE,,,,,2012-03-20,2012-03-20,49,49,1,,,,,,,,,
Xeno Nimo Hypox;FaDu,PR,N150b122,N150,b,122,,8.0018,,,,,,XRAY;PHOTON,PHOTON BEAM RADIATION THERAPY,RADIATION THERAPY,,Y,Y,,1.8,,Gy,,5 TIMES PER WEEK,,,LEG,RIGHT,HIND,ENTIRE,,,,,2012-03-21,2012-03-21,50,50,1,,,,,,,,,
Xeno Nimo Hypox;FaDu,PR,N150b122,N150,b,122,,8.0019,,,,,,XRAY;PHOTON,PHOTON BEAM RADIATION THERAPY,RADIATION THERAPY,,Y,Y,,1.8,,Gy,,5 TIMES PER WEEK,,,LEG,RIGHT,HIND,ENTIRE,,,,,2012-03-22,2012-03-22,51,51,1,,,,,,,,,
Xeno Nimo Hypox;FaDu,PR,N150b122,N150,b,122,,8.002,,,,,,XRAY;PHOTON,PHOTON BEAM RADIATION THERAPY,RADIATION THERAPY,,Y,Y,,1.8,,Gy,,5 TIMES PER WEEK,,,LEG,RIGHT,HIND,ENTIRE,,,,,2012-03-23,2012-03-23,52,52,1,,,,,,,,,
Xeno Nimo Hypox;FaDu,PR,N150b122,N150,b,122,,8.0021,,,,,,XRAY;PHOTON,PHOTON BEAM RADIATION THERAPY,RADIATION THERAPY,,Y,Y,,1.8,,Gy,,5 TIMES PER WEEK,,,LEG,RIGHT,HIND,ENTIRE,,,,,2012-03-26,2012-03-26,55,55,1,,,,,,,,,
Xeno Nimo Hypox;FaDu,PR,N150b122,N150,b,122,,8.0022,,,,,,XRAY;PHOTON,PHOTON BEAM RADIATION THERAPY,RADIATION THERAPY,,Y,Y,,1.8,,Gy,,5 TIMES PER WEEK,,,LEG,RIGHT,HIND,ENTIRE,,,,,2012-03-27,2012-03-27,56,56,1,,,,,,,,,
Xeno Nimo Hypox;FaDu,PR,N150b122,N150,b,122,,8.0023,,,,,,XRAY;PHOTON,PHOTON BEAM RADIATION THERAPY,RADIATION THERAPY,,Y,Y,,1.8,,Gy,,5 TIMES PER WEEK,,,LEG,RIGHT,HIND,ENTIRE,,,,,2012-03-28,2012-03-28,57,57,1,,,,,,,,,
Xeno Nimo Hypox;FaDu,PR,N150b122,N150,b,122,,8.0024,,,,,,XRAY;PHOTON,PHOTON BEAM RADIATION THERAPY,RADIATION THERAPY,,Y,Y,,1.8,,Gy,,5 TIMES PER WEEK,,,LEG,RIGHT,HIND,ENTIRE,,,,,2012-03-29,2012-03-29,58,58,1,,,,,,,,,
Xeno Nimo Hypox;FaDu,PR,N150b122,N150,b,122,,8.0025,,,,,,XRAY;PHOTON,PHOTON BEAM RADIATION THERAPY,RADIATION THERAPY,,Y,Y,,1.8,,Gy,,5 TIMES PER WEEK,,,LEG,RIGHT,HIND,ENTIRE,,,,,2012-03-30,2012-03-30,59,59,1,,,,,,,,,
Xeno Nimo Hypox;FaDu,PR,N150b122,N150,b,122,,8.0026,,,,,,XRAY;PHOTON,PHOTON BEAM RADIATION THERAPY,RADIATION THERAPY,,Y,Y,,1.8,,Gy,,5 TIMES PER WEEK,,,LEG,RIGHT,HIND,ENTIRE,,,,,2012-04-02,2012-04-02,62,62,1,,,,,,,,,
Xeno Nimo Hypox;FaDu,PR,N150b122,N150,b,122,,8.0027,,,,,,XRAY;PHOTON,PHOTON BEAM RADIATION THERAPY,RADIATION THERAPY,,Y,Y,,1.8,,Gy,,5 TIMES PER WEEK,,,LEG,RIGHT,HIND,ENTIRE,,,,,2012-04-03,2012-04-03,63,63,1,,,,,,,,,
Xeno Nimo Hypox;FaDu,PR,N150b122,N150,b,122,,8.0028,,,,,,XRAY;PHOTON,PHOTON BEAM RADIATION THERAPY,RADIATION THERAPY,,Y,Y,,1.8,,Gy,,5 TIMES PER WEEK,,,LEG,RIGHT,HIND,ENTIRE,,,,,2012-04-04,2012-04-04,64,64,1,,,,,,,,,
Xeno Nimo Hypox;FaDu,PR,N150b122,N150,b,122,,8.0029,,,,,,XRAY;PHOTON,PHOTON BEAM RADIATION THERAPY,RADIATION THERAPY,,Y,Y,,1.8,,Gy,,5 TIMES PER WEEK,,,LEG,RIGHT,HIND,ENTIRE,,,,,2012-04-05,2012-04-05,65,65,1,,,,,,,,,
Xeno Nimo Hypox;FaDu,PR,N150b122,N150,b,122,,8.003,,,,,,XRAY;PHOTON,PHOTON BEAM RADIATION THERAPY,RADIATION THERAPY,,Y,Y,,1.8,,Gy,,5 TIMES PER WEEK,,,LEG,RIGHT,HIND,ENTIRE,,,,,2012-04-06,2012-04-06,66,66,1,,,,,,,,,
Xeno Nimo Hypox;FaDu,PR,N150b129,N150,b,129,,8.0,,,,,,XRAY;PHOTON,TOTAL BODY IRRADIATION,TBI; Whole Body Irradiation,,Y,Y,,4.0,,Gy,,ONCE,,,BODY,BILATERAL,,ENTIRE,,,,,2012-01-27,2012-01-27,-4,-4,1,,,,,,,,,
Xeno Nimo Hypox;FaDu,PR,N150b129,N150,b,129,,8.0001,,,,,,XRAY;PHOTON,PHOTON BEAM RADIATION THERAPY,RADIATION THERAPY,,Y,Y,,1.8,,Gy,,5 TIMES PER WEEK,,,LEG,RIGHT,HIND,ENTIRE,,,,,2012-03-26,2012-03-26,55,55,1,,,,,,,,,
Xeno Nimo Hypox;FaDu,PR,N150b129,N150,b,129,,8.0002,,,,,,XRAY;PHOTON,PHOTON BEAM RADIATION THERAPY,RADIATION THERAPY,,Y,Y,,1.8,,Gy,,5 TIMES PER WEEK,,,LEG,RIGHT,HIND,ENTIRE,,,,,2012-03-27,2012-03-27,56,56,1,,,,,,,,,
Xeno Nimo Hypox;FaDu,PR,N150b129,N150,b,129,,8.0003,,,,,,XRAY;PHOTON,PHOTON BEAM RADIATION THERAPY,RADIATION THERAPY,,Y,Y,,1.8,,Gy,,5 TIMES PER WEEK,,,LEG,RIGHT,HIND,ENTIRE,,,,,2012-03-28,2012-03-28,57,57,1,,,,,,,,,
Xeno Nimo Hypox;FaDu,PR,N150b129,N150,b,129,,8.0004,,,,,,XRAY;PHOTON,PHOTON BEAM RADIATION THERAPY,RADIATION THERAPY,,Y,Y,,1.8,,Gy,,5 TIMES PER WEEK,,,LEG,RIGHT,HIND,ENTIRE,,,,,2012-03-29,2012-03-29,58,58,1,,,,,,,,,
Xeno Nimo Hypox;FaDu,PR,N150b129,N150,b,129,,8.0005,,,,,,XRAY;PHOTON,PHOTON BEAM RADIATION THERAPY,RADIATION THERAPY,,Y,Y,,1.8,,Gy,,5 TIMES PER WEEK,,,LEG,RIGHT,HIND,ENTIRE,,,,,2012-03-30,2012-03-30,59,59,1,,,,,,,,,
Xeno Nimo Hypox;FaDu,PR,N150b129,N150,b,129,,8.0006,,,,,,XRAY;PHOTON,PHOTON BEAM RADIATION THERAPY,RADIATION THERAPY,,Y,Y,,1.8,,Gy,,5 TIMES PER WEEK,,,LEG,RIGHT,HIND,ENTIRE,,,,,2012-04-02,2012-04-02,62,62,1,,,,,,,,,
Xeno Nimo Hypox;FaDu,PR,N150b129,N150,b,129,,8.0007,,,,,,XRAY;PHOTON,PHOTON BEAM RADIATION THERAPY,RADIATION THERAPY,,Y,Y,,1.8,,Gy,,5 TIMES PER WEEK,,,LEG,RIGHT,HIND,ENTIRE,,,,,2012-04-03,2012-04-03,63,63,1,,,,,,,,,
Xeno Nimo Hypox;FaDu,PR,N150b129,N150,b,129,,8.0008,,,,,,XRAY;PHOTON,PHOTON BEAM RADIATION THERAPY,RADIATION THERAPY,,Y,Y,,1.8,,Gy,,5 TIMES PER WEEK,,,LEG,RIGHT,HIND,ENTIRE,,,,,2012-04-04,2012-04-04,64,64,1,,,,,,,,,
Xeno Nimo Hypox;FaDu,PR,N150b129,N150,b,129,,8.0009,,,,,,XRAY;PHOTON,PHOTON BEAM RADIATION THERAPY,RADIATION THERAPY,,Y,Y,,1.8,,Gy,,5 TIMES PER WEEK,,,LEG,RIGHT,HIND,ENTIRE,,,,,2012-04-05,2012-04-05,65,65,1,,,,,,,,,
Xeno Nimo Hypox;FaDu,PR,N150b129,N150,b,129,,8.001,,,,,,XRAY;PHOTON,PHOTON BEAM RADIATION THERAPY,RADIATION THERAPY,,Y,Y,,1.8,,Gy,,5 TIMES PER WEEK,,,LEG,RIGHT,HIND,ENTIRE,,,,,2012-04-06,2012-04-06,66,66,1,,,,,,,,,
Xeno Nimo Hypox;FaDu,PR,N150b129,N150,b,129,,8.0011,,,,,,XRAY;PHOTON,PHOTON BEAM RADIATION THERAPY,RADIATION THERAPY,,Y,Y,,1.8,,Gy,,5 TIMES PER WEEK,,,LEG,RIGHT,HIND,ENTIRE,,,,,2012-04-09,2012-04-09,69,69,1,,,,,,,,,
Xeno Nimo Hypox;FaDu,PR,N150b129,N150,b,129,,8.0012,,,,,,XRAY;PHOTON,PHOTON BEAM RADIATION THERAPY,RADIATION THERAPY,,Y,Y,,1.8,,Gy,,5 TIMES PER WEEK,,,LEG,RIGHT,HIND,ENTIRE,,,,,2012-04-10,2012-04-10,70,70,1,,,,,,,,,
Xeno Nimo Hypox;FaDu,PR,N150b129,N150,b,129,,8.0013,,,,,,XRAY;PHOTON,PHOTON BEAM RADIATION THERAPY,RADIATION THERAPY,,Y,Y,,1.8,,Gy,,5 TIMES PER WEEK,,,LEG,RIGHT,HIND,ENTIRE,,,,,2012-04-11,2012-04-11,71,71,1,,,,,,,,,
Xeno Nimo Hypox;FaDu,PR,N150b129,N150,b,129,,8.0014,,,,,,XRAY;PHOTON,PHOTON BEAM RADIATION THERAPY,RADIATION THERAPY,,Y,Y,,1.8,,Gy,,5 TIMES PER WEEK,,,LEG,RIGHT,HIND,ENTIRE,,,,,2012-04-12,2012-04-12,72,72,1,,,,,,,,,
Xeno Nimo Hypox;FaDu,PR,N150b129,N150,b,129,,8.0015,,,,,,XRAY;PHOTON,PHOTON BEAM RADIATION THERAPY,RADIATION THERAPY,,Y,Y,,1.8,,Gy,,5 TIMES PER WEEK,,,LEG,RIGHT,HIND,ENTIRE,,,,,2012-04-13,2012-04-13,73,73,1,,,,,,,,,
Xeno Nimo Hypox;FaDu,PR,N150b129,N150,b,129,,8.0016,,,,,,XRAY;PHOTON,PHOTON BEAM RADIATION THERAPY,RADIATION THERAPY,,Y,Y,,1.8,,Gy,,5 TIMES PER WEEK,,,LEG,RIGHT,HIND,ENTIRE,,,,,2012-04-16,2012-04-16,76,76,1,,,,,,,,,
Xeno Nimo Hypox;FaDu,PR,N150b129,N150,b,129,,8.0017,,,,,,XRAY;PHOTON,PHOTON BEAM RADIATION THERAPY,RADIATION THERAPY,,Y,Y,,1.8,,Gy,,5 TIMES PER WEEK,,,LEG,RIGHT,HIND,ENTIRE,,,,,2012-04-17,2012-04-17,77,77,1,,,,,,,,,
Xeno Nimo Hypox;FaDu,PR,N150b129,N150,b,129,,8.0018,,,,,,XRAY;PHOTON,PHOTON BEAM RADIATION THERAPY,RADIATION THERAPY,,Y,Y,,1.8,,Gy,,5 TIMES PER WEEK,,,LEG,RIGHT,HIND,ENTIRE,,,,,2012-04-18,2012-04-18,78,78,1,,,,,,,,,
Xeno Nimo Hypox;FaDu,PR,N150b129,N150,b,129,,8.0019,,,,,,XRAY;PHOTON,PHOTON BEAM RADIATION THERAPY,RADIATION THERAPY,,Y,Y,,1.8,,Gy,,5 TIMES PER WEEK,,,LEG,RIGHT,HIND,ENTIRE,,,,,2012-04-19,2012-04-19,79,79,1,,,,,,,,,
Xeno Nimo Hypox;FaDu,PR,N150b129,N150,b,129,,8.002,,,,,,XRAY;PHOTON,PHOTON BEAM RADIATION THERAPY,RADIATION THERAPY,,Y,Y,,1.8,,Gy,,5 TIMES PER WEEK,,,LEG,RIGHT,HIND,ENTIRE,,,,,2012-04-20,2012-04-20,80,80,1,,,,,,,,,
Xeno Nimo Hypox;FaDu,PR,N150b129,N150,b,129,,8.0021,,,,,,XRAY;PHOTON,PHOTON BEAM RADIATION THERAPY,RADIATION THERAPY,,Y,Y,,1.8,,Gy,,5 TIMES PER WEEK,,,LEG,RIGHT,HIND,ENTIRE,,,,,2012-04-23,2012-04-23,83,83,1,,,,,,,,,
Xeno Nimo Hypox;FaDu,PR,N150b129,N150,b,129,,8.0022,,,,,,XRAY;PHOTON,PHOTON BEAM RADIATION THERAPY,RADIATION THERAPY,,Y,Y,,1.8,,Gy,,5 TIMES PER WEEK,,,LEG,RIGHT,HIND,ENTIRE,,,,,2012-04-24,2012-04-24,84,84,1,,,,,,,,,
Xeno Nimo Hypox;FaDu,PR,N150b129,N150,b,129,,8.0023,,,,,,XRAY;PHOTON,PHOTON BEAM RADIATION THERAPY,RADIATION THERAPY,,Y,Y,,1.8,,Gy,,5 TIMES PER WEEK,,,LEG,RIGHT,HIND,ENTIRE,,,,,2012-04-25,2012-04-25,85,85,1,,,,,,,,,
Xeno Nimo Hypox;FaDu,PR,N150b129,N150,b,129,,8.0024,,,,,,XRAY;PHOTON,PHOTON BEAM RADIATION THERAPY,RADIATION THERAPY,,Y,Y,,1.8,,Gy,,5 TIMES PER WEEK,,,LEG,RIGHT,HIND,ENTIRE,,,,,2012-04-26,2012-04-26,86,86,1,,,,,,,,,
Xeno Nimo Hypox;FaDu,PR,N150b129,N150,b,129,,8.0025,,,,,,XRAY;PHOTON,PHOTON BEAM RADIATION THERAPY,RADIATION THERAPY,,Y,Y,,1.8,,Gy,,5 TIMES PER WEEK,,,LEG,RIGHT,HIND,ENTIRE,,,,,2012-04-27,2012-04-27,87,87,1,,,,,,,,,
Xeno Nimo Hypox;FaDu,PR,N150b129,N150,b,129,,8.0026,,,,,,XRAY;PHOTON,PHOTON BEAM RADIATION THERAPY,RADIATION THERAPY,,Y,Y,,1.8,,Gy,,5 TIMES PER WEEK,,,LEG,RIGHT,HIND,ENTIRE,,,,,2012-04-30,2012-04-30,90,90,1,,,,,,,,,
Xeno Nimo Hypox;FaDu,PR,N150b129,N150,b,129,,8.0027,,,,,,XRAY;PHOTON,PHOTON BEAM RADIATION THERAPY,RADIATION THERAPY,,Y,Y,,1.8,,Gy,,5 TIMES PER WEEK,,,LEG,RIGHT,HIND,ENTIRE,,,,,2012-05-01,2012-05-01,91,91,1,,,,,,,,,
Xeno Nimo Hypox;FaDu,PR,N150b129,N150,b,129,,8.0028,,,,,,XRAY;PHOTON,PHOTON BEAM RADIATION THERAPY,RADIATION THERAPY,,Y,Y,,1.8,,Gy,,5 TIMES PER WEEK,,,LEG,RIGHT,HIND,ENTIRE,,,,,2012-05-02,2012-05-02,92,92,1,,,,,,,,,
Xeno Nimo Hypox;FaDu,PR,N150b129,N150,b,129,,8.0029,,,,,,XRAY;PHOTON,PHOTON BEAM RADIATION THERAPY,RADIATION THERAPY,,Y,Y,,1.8,,Gy,,5 TIMES PER WEEK,,,LEG,RIGHT,HIND,ENTIRE,,,,,2012-05-03,2012-05-03,93,93,1,,,,,,,,,
Xeno Nimo Hypox;FaDu,PR,N150b129,N150,b,129,,8.003,,,,,,XRAY;PHOTON,PHOTON BEAM RADIATION THERAPY,RADIATION THERAPY,,Y,Y,,1.8,,Gy,,5 TIMES PER WEEK,,,LEG,RIGHT,HIND,ENTIRE,,,,,2012-05-04,2012-05-04,94,94,1,,,,,,,,,
Xeno Nimo Hypox;FaDu,PR,N150b130,N150,b,130,,8.0,,,,,,XRAY;PHOTON,TOTAL BODY IRRADIATION,TBI; Whole Body Irradiation,,Y,Y,,4.0,,Gy,,ONCE,,,BODY,BILATERAL,,ENTIRE,,,,,2012-01-27,2012-01-27,-4,-4,1,,,,,,,,,
Xeno Nimo Hypox;FaDu,PR,N150b130,N150,b,130,,8.0001,,,,,,XRAY;PHOTON,PHOTON BEAM RADIATION THERAPY,RADIATION THERAPY,,Y,Y,,1.8,,Gy,,5 TIMES PER WEEK,,,LEG,RIGHT,HIND,ENTIRE,,,,,2012-02-20,2012-02-20,20,20,1,,,,,,,,,
Xeno Nimo Hypox;FaDu,PR,N150b130,N150,b,130,,8.0002,,,,,,XRAY;PHOTON,PHOTON BEAM RADIATION THERAPY,RADIATION THERAPY,,Y,Y,,1.8,,Gy,,5 TIMES PER WEEK,,,LEG,RIGHT,HIND,ENTIRE,,,,,2012-02-21,2012-02-21,21,21,1,,,,,,,,,
Xeno Nimo Hypox;FaDu,PR,N150b130,N150,b,130,,8.0003,,,,,,XRAY;PHOTON,PHOTON BEAM RADIATION THERAPY,RADIATION THERAPY,,Y,Y,,1.8,,Gy,,5 TIMES PER WEEK,,,LEG,RIGHT,HIND,ENTIRE,,,,,2012-02-22,2012-02-22,22,22,1,,,,,,,,,
Xeno Nimo Hypox;FaDu,PR,N150b130,N150,b,130,,8.0004,,,,,,XRAY;PHOTON,PHOTON BEAM RADIATION THERAPY,RADIATION THERAPY,,Y,Y,,1.8,,Gy,,5 TIMES PER WEEK,,,LEG,RIGHT,HIND,ENTIRE,,,,,2012-02-23,2012-02-23,23,23,1,,,,,,,,,
Xeno Nimo Hypox;FaDu,PR,N150b130,N150,b,130,,8.0005,,,,,,XRAY;PHOTON,PHOTON BEAM RADIATION THERAPY,RADIATION THERAPY,,Y,Y,,1.8,,Gy,,5 TIMES PER WEEK,,,LEG,RIGHT,HIND,ENTIRE,,,,,2012-02-24,2012-02-24,24,24,1,,,,,,,,,
Xeno Nimo Hypox;FaDu,PR,N150b130,N150,b,130,,8.0006,,,,,,XRAY;PHOTON,PHOTON BEAM RADIATION THERAPY,RADIATION THERAPY,,Y,Y,,1.8,,Gy,,5 TIMES PER WEEK,,,LEG,RIGHT,HIND,ENTIRE,,,,,2012-02-27,2012-02-27,27,27,1,,,,,,,,,
Xeno Nimo Hypox;FaDu,PR,N150b130,N150,b,130,,8.0007,,,,,,XRAY;PHOTON,PHOTON BEAM RADIATION THERAPY,RADIATION THERAPY,,Y,Y,,1.8,,Gy,,5 TIMES PER WEEK,,,LEG,RIGHT,HIND,ENTIRE,,,,,2012-02-28,2012-02-28,28,28,1,,,,,,,,,
Xeno Nimo Hypox;FaDu,PR,N150b130,N150,b,130,,8.0008,,,,,,XRAY;PHOTON,PHOTON BEAM RADIATION THERAPY,RADIATION THERAPY,,Y,Y,,1.8,,Gy,,5 TIMES PER WEEK,,,LEG,RIGHT,HIND,ENTIRE,,,,,2012-02-29,2012-02-29,29,29,1,,,,,,,,,
Xeno Nimo Hypox;FaDu,PR,N150b130,N150,b,130,,8.0009,,,,,,XRAY;PHOTON,PHOTON BEAM RADIATION THERAPY,RADIATION THERAPY,,Y,Y,,1.8,,Gy,,5 TIMES PER WEEK,,,LEG,RIGHT,HIND,ENTIRE,,,,,2012-03-01,2012-03-01,30,30,1,,,,,,,,,
Xeno Nimo Hypox;FaDu,PR,N150b130,N150,b,130,,8.001,,,,,,XRAY;PHOTON,PHOTON BEAM RADIATION THERAPY,RADIATION THERAPY,,Y,Y,,1.8,,Gy,,5 TIMES PER WEEK,,,LEG,RIGHT,HIND,ENTIRE,,,,,2012-03-02,2012-03-02,31,31,1,,,,,,,,,
Xeno Nimo Hypox;FaDu,PR,N150b130,N150,b,130,,8.0011,,,,,,XRAY;PHOTON,PHOTON BEAM RADIATION THERAPY,RADIATION THERAPY,,Y,Y,,1.8,,Gy,,5 TIMES PER WEEK,,,LEG,RIGHT,HIND,ENTIRE,,,,,2012-03-05,2012-03-05,34,34,1,,,,,,,,,
Xeno Nimo Hypox;FaDu,PR,N150b130,N150,b,130,,8.0012,,,,,,XRAY;PHOTON,PHOTON BEAM RADIATION THERAPY,RADIATION THERAPY,,Y,Y,,1.8,,Gy,,5 TIMES PER WEEK,,,LEG,RIGHT,HIND,ENTIRE,,,,,2012-03-06,2012-03-06,35,35,1,,,,,,,,,
Xeno Nimo Hypox;FaDu,PR,N150b130,N150,b,130,,8.0013,,,,,,XRAY;PHOTON,PHOTON BEAM RADIATION THERAPY,RADIATION THERAPY,,Y,Y,,1.8,,Gy,,5 TIMES PER WEEK,,,LEG,RIGHT,HIND,ENTIRE,,,,,2012-03-07,2012-03-07,36,36,1,,,,,,,,,
Xeno Nimo Hypox;FaDu,PR,N150b130,N150,b,130,,8.0014,,,,,,XRAY;PHOTON,PHOTON BEAM RADIATION THERAPY,RADIATION THERAPY,,Y,Y,,1.8,,Gy,,5 TIMES PER WEEK,,,LEG,RIGHT,HIND,ENTIRE,,,,,2012-03-08,2012-03-08,37,37,1,,,,,,,,,
Xeno Nimo Hypox;FaDu,PR,N150b130,N150,b,130,,8.0015,,,,,,XRAY;PHOTON,PHOTON BEAM RADIATION THERAPY,RADIATION THERAPY,,Y,Y,,1.8,,Gy,,5 TIMES PER WEEK,,,LEG,RIGHT,HIND,ENTIRE,,,,,2012-03-09,2012-03-09,38,38,1,,,,,,,,,
Xeno Nimo Hypox;FaDu,PR,N150b130,N150,b,130,,8.0016,,,,,,XRAY;PHOTON,PHOTON BEAM RADIATION THERAPY,RADIATION THERAPY,,Y,Y,,1.8,,Gy,,5 TIMES PER WEEK,,,LEG,RIGHT,HIND,ENTIRE,,,,,2012-03-12,2012-03-12,41,41,1,,,,,,,,,
Xeno Nimo Hypox;FaDu,PR,N150b130,N150,b,130,,8.0017,,,,,,XRAY;PHOTON,PHOTON BEAM RADIATION THERAPY,RADIATION THERAPY,,Y,Y,,1.8,,Gy,,5 TIMES PER WEEK,,,LEG,RIGHT,HIND,ENTIRE,,,,,2012-03-13,2012-03-13,42,42,1,,,,,,,,,
Xeno Nimo Hypox;FaDu,PR,N150b130,N150,b,130,,8.0018,,,,,,XRAY;PHOTON,PHOTON BEAM RADIATION THERAPY,RADIATION THERAPY,,Y,Y,,1.8,,Gy,,5 TIMES PER WEEK,,,LEG,RIGHT,HIND,ENTIRE,,,,,2012-03-14,2012-03-14,43,43,1,,,,,,,,,
Xeno Nimo Hypox;FaDu,PR,N150b130,N150,b,130,,8.0019,,,,,,XRAY;PHOTON,PHOTON BEAM RADIATION THERAPY,RADIATION THERAPY,,Y,Y,,1.8,,Gy,,5 TIMES PER WEEK,,,LEG,RIGHT,HIND,ENTIRE,,,,,2012-03-15,2012-03-15,44,44,1,,,,,,,,,
Xeno Nimo Hypox;FaDu,PR,N150b130,N150,b,130,,8.002,,,,,,XRAY;PHOTON,PHOTON BEAM RADIATION THERAPY,RADIATION THERAPY,,Y,Y,,1.8,,Gy,,5 TIMES PER WEEK,,,LEG,RIGHT,HIND,ENTIRE,,,,,2012-03-16,2012-03-16,45,45,1,,,,,,,,,
Xeno Nimo Hypox;FaDu,PR,N150b130,N150,b,130,,8.0021,,,,,,XRAY;PHOTON,PHOTON BEAM RADIATION THERAPY,RADIATION THERAPY,,Y,Y,,1.8,,Gy,,5 TIMES PER WEEK,,,LEG,RIGHT,HIND,ENTIRE,,,,,2012-03-19,2012-03-19,48,48,1,,,,,,,,,
Xeno Nimo Hypox;FaDu,PR,N150b130,N150,b,130,,8.0022,,,,,,XRAY;PHOTON,PHOTON BEAM RADIATION THERAPY,RADIATION THERAPY,,Y,Y,,1.8,,Gy,,5 TIMES PER WEEK,,,LEG,RIGHT,HIND,ENTIRE,,,,,2012-03-20,2012-03-20,49,49,1,,,,,,,,,
Xeno Nimo Hypox;FaDu,PR,N150b130,N150,b,130,,8.0023,,,,,,XRAY;PHOTON,PHOTON BEAM RADIATION THERAPY,RADIATION THERAPY,,Y,Y,,1.8,,Gy,,5 TIMES PER WEEK,,,LEG,RIGHT,HIND,ENTIRE,,,,,2012-03-21,2012-03-21,50,50,1,,,,,,,,,
Xeno Nimo Hypox;FaDu,PR,N150b130,N150,b,130,,8.0024,,,,,,XRAY;PHOTON,PHOTON BEAM RADIATION THERAPY,RADIATION THERAPY,,Y,Y,,1.8,,Gy,,5 TIMES PER WEEK,,,LEG,RIGHT,HIND,ENTIRE,,,,,2012-03-22,2012-03-22,51,51,1,,,,,,,,,
Xeno Nimo Hypox;FaDu,PR,N150b130,N150,b,130,,8.0025,,,,,,XRAY;PHOTON,PHOTON BEAM RADIATION THERAPY,RADIATION THERAPY,,Y,Y,,1.8,,Gy,,5 TIMES PER WEEK,,,LEG,RIGHT,HIND,ENTIRE,,,,,2012-03-23,2012-03-23,52,52,1,,,,,,,,,
Xeno Nimo Hypox;FaDu,PR,N150b130,N150,b,130,,8.0026,,,,,,XRAY;PHOTON,PHOTON BEAM RADIATION THERAPY,RADIATION THERAPY,,Y,Y,,1.8,,Gy,,5 TIMES PER WEEK,,,LEG,RIGHT,HIND,ENTIRE,,,,,2012-03-26,2012-03-26,55,55,1,,,,,,,,,
Xeno Nimo Hypox;FaDu,PR,N150b130,N150,b,130,,8.0027,,,,,,XRAY;PHOTON,PHOTON BEAM RADIATION THERAPY,RADIATION THERAPY,,Y,Y,,1.8,,Gy,,5 TIMES PER WEEK,,,LEG,RIGHT,HIND,ENTIRE,,,,,2012-03-27,2012-03-27,56,56,1,,,,,,,,,
Xeno Nimo Hypox;FaDu,PR,N150b130,N150,b,130,,8.0028,,,,,,XRAY;PHOTON,PHOTON BEAM RADIATION THERAPY,RADIATION THERAPY,,Y,Y,,1.8,,Gy,,5 TIMES PER WEEK,,,LEG,RIGHT,HIND,ENTIRE,,,,,2012-03-28,2012-03-28,57,57,1,,,,,,,,,
Xeno Nimo Hypox;FaDu,PR,N150b130,N150,b,130,,8.0029,,,,,,XRAY;PHOTON,PHOTON BEAM RADIATION THERAPY,RADIATION THERAPY,,Y,Y,,1.8,,Gy,,5 TIMES PER WEEK,,,LEG,RIGHT,HIND,ENTIRE,,,,,2012-03-29,2012-03-29,58,58,1,,,,,,,,,
Xeno Nimo Hypox;FaDu,PR,N150b130,N150,b,130,,8.003,,,,,,XRAY;PHOTON,PHOTON BEAM RADIATION THERAPY,RADIATION THERAPY,,Y,Y,,1.8,,Gy,,5 TIMES PER WEEK,,,LEG,RIGHT,HIND,ENTIRE,,,,,2012-03-30,2012-03-30,59,59,1,,,,,,,,,
